"Participant","Experiment_Duration","Date","Time","Browser","Mobile","Platform","Screen_Width","Screen_Height","Source","Gender","Age","Education","Discipline","Student","Ethnicity","Country","SexualOrientation","SexualStatus","Hexaco_Duration","HEXACO18_HonestyHumility_Sincerity_1_NR","HEXACO18_HonestyHumility_GreedAvoidance_2_R","HEXACO18_HonestyHumility_Modesty_3_R","HEXACO18_Emotionality_Fearfulness_4_R","HEXACO18_Emotionality_Dependence_5_NR","HEXACO18_Emotionality_Anxiety_6_NR","HEXACO18_Extraversion_SocialSelfEsteem_7_R","HEXACO18_Extraversion_SocialBoldness_8_R","HEXACO18_Extraversion_Liveliness_9_R","HEXACO18_Agreeableness_Forgiveness_10_NR","HEXACO18_Agreeableness_Gentleness_11_NR","HEXACO18_Agreeableness_Patience_12_R","HEXACO18_Conscientiousnes_Diligence_13_R","HEXACO18_Conscientiousnes_Prudence_14_R","HEXACO18_Conscientiousnes_Organization_15_R","HEXACO18_Openness_Unconventionality_16_R","HEXACO18_Openness_AestheticAppreciation_17_NR","HEXACO18_Openness_Creativity_18_NR","Bait_Duration","BAIT_AI_Knowledge","BAIT_4_VideosIssues","BAIT_9_NegativeAttitutes","BAIT_1_ImagesRealistic","BAIT_5_ImitatingReality","BAIT_10_NegativeAttitutes","BAIT_7_TextRealistic","BAIT_6_EnvironmentReal","BAIT_8_TextIssues","BAIT_11_PositiveAttitutes","BAIT_12_PositiveAttitutes","BAIT_2_ImagesIssues","BAIT_3_VideosRealistic","Feedback_NoFacesAttractive","Feedback_SomeFacesAttractive","Feedback_AIMoreAttractive","Feedback_AILessAttractive","Feedback_DiffObvious","Feedback_DiffSubtle","Feedback_DiffNone","Feedback_LabelsIncorrect","Feedback_LabelsReversed","Feedback_AllReal","Feedback_AllFake","Feedback_AllRealConfidence","Feedback_AllFakeConfidence","Feedback_Enjoyment","Feedback_Text","Instruction_Duration1","Instruction_Duration2","Eyetracking_Validation1_Mean","Eyetracking_Validation1_Max","Eyetracking_Validation1_Min","Eyetracking_Validation1_Distance","Eyetracking_Validation2_Mean","Eyetracking_Validation2_Max","Eyetracking_Validation2_Min","Eyetracking_Validation2_Distance","HEXACO18_HonestyHumility","HEXACO18_Emotionality","HEXACO18_Extraversion","HEXACO18_Agreeableness","HEXACO18_Conscientiousness","HEXACO18_Openness"
"S001",32.1463833333333,"23/07/2024","13:51:07","safari","False","Mac OS",1427,749,"sof1","Female",22,"Master","Psychology, Neuroscience","True","White","Spain","Heterosexual","Single and not open to dating",0.829083333333333,6,5,5,6,5,6,5,3,5,2,2,2,6,6,6,3,6,6,0.7091,4,6,6,5,6,6,2,4,5,2,2,2,2,"True","False","True","False","False","False","True","False","False","False","True",NA,3,3,"",4.769,2.277,0,0,0,77.8371287222843,15.9698083778966,40.625,0,73.7077801752086,5.33333333333333,5.66666666666667,4.33333333333333,2,6,5
"S002",28.69395,"23/07/2024","14:42:57","safari","False","Mac OS",1440,820,"sof1","Female",23,"Master","Psychology, Neuroscience","True","Prefer not to say","Cyprus","Heterosexual","Single and open to dating",1.04548333333333,5,2,2,3,5,6,6,6,6,5,5,0,2,4,3,3,6,5,0.853616666666667,1,4,3,5,3,5,6,3,5,4,3,4,5,"True","False","True","False","False","False","True","True","False","True","False",2,NA,4,"",58.905,17.345,NA,NA,NA,NA,NA,NA,NA,NA,3,4.66666666666667,6,3.33333333333333,3,4.66666666666667
"S003",27.3401333333333,"26/07/2024","14:28:53","chrome","False","Windows 10",1920,911,"sof1","Male",27,"Master","Psychology, Neuroscience","True","White","United Kingdom","Homosexual","In a relationship and not open to dating",0.7244,5,5,2,1,3,6,1,1,4,2,1,2,4,3,4,1,6,6,0.482533333333333,4,3,3,3,2,5,1,2,4,4,3,3,4,"True","False","False","False","False","False","False","True","False","False","False",NA,NA,0,"ask for sex at the beginning, not gender ",2.67,89.616,12.4877726168138,44.0677966101695,0,59.5548463820264,15.7773232028054,40.6779661016949,0,77.756890296861,4,3.33333333333333,2,1.66666666666667,3.66666666666667,4.33333333333333
"S004",44.1592666666667,"30/07/2024","15:27:18","edge-chromium","False","Windows 10",1488,742,"sof1","Female",22,"Bachelor","Biology, Chemistry, Physics","False","White","United Kingdom","Heterosexual","Single and open to dating",4.08696666666667,4,5,5,4,2,6,5,2,4,1,4,4,4,5,3,4,1,4,1.56885,3,5,5,6,2,5,3,4,4,4,2,3,1,"True","False","False","False","False","False","False","True","False","False","False",NA,NA,3,"",71.383,26.101,7.36440677966102,31.6666666666667,0,87.5080339397761,5.19550996134404,22.8070175438596,0,123.609532533337,4.66666666666667,4,3.66666666666667,3,4,3
"S005",43.6189833333333,"30/07/2024","16:51:40","safari","False","Mac OS",986,748,"sof1","Female",57,"Bachelor","Other","False","White","Spain","Heterosexual","In a relationship and not open to dating",4.5115,5,6,6,3,3,3,5,5,3,4,4,3,2,2,2,2,5,2,1.83561666666667,1,6,6,5,5,6,4,4,5,2,2,5,5,"True","False","False","False","False","False","False","False","False","False","False",NA,NA,2,"",80.439,87.226,0,0,0,142.103691335375,0.588235294117647,2.94117647058824,0,178.704998593174,5.66666666666667,3,4.33333333333333,3.66666666666667,2,3
"S006",62.1398166666667,"30/07/2024","22:14:41","safari","False","Mac OS",745,748,"sof1","Male",60,"Master","Literature, Languages","False","White","Spain","Heterosexual","In a relationship and not open to dating",3.5843,6,6,5,1,1,3,5,5,5,6,2,2,6,6,5,4,6,6,2.1671,4,5,5,5,3,5,3,4,5,5,4,3,2,"True","False","False","False","False","False","True","False","False","True","False",3,NA,3,"I was a bit tired as it was just before bedtime when I did this experiment.",102.091,34.635,3.57499363381716,12.1212121212121,0,63.4973277562991,7.78966131907308,29.4117647058824,0,65.1300494352413,5.66666666666667,1.66666666666667,5,3.33333333333333,5.66666666666667,5.33333333333333
"S007",183.84815,"31/07/2024","07:05:16","chrome","False","Mac OS",1367,766,"sof1","Female",57,"Doctorate","Literature, Languages","Prefer not to say","Mixed","United States","Heterosexual","Single and open to dating",2.08451666666667,6,5,3,6,6,6,3,1,1,3,0,6,3,3,6,4,6,6,1.93288333333333,1,3,4,3,2,3,2,4,5,3,1,3,3,"False","False","False","True","False","False","False","False","False","False","False",NA,NA,3,"It is difficult to assess a quality of ""trustworthiness"" to an image. If the image looks fake, I chose NOT trustworthy. If the smile/eyes were sinister-looking, the same. I hope my participation helps! Best, Sofía! :)",41.625,438.925,9.45197740112994,23.3333333333333,0,97.0788370438666,4.59088252483927,13.5593220338983,0,121.129902809042,4.66666666666667,6,1.66666666666667,3,4,5.33333333333333
"S008",71.0195333333333,"31/07/2024","18:47:38","chrome","False","Mac OS",1423,692,"sof1","Female",26,"Master","Psychology, Neuroscience","True","White","United States","Heterosexual","Single and open to dating",1.38478333333333,5,4,2,6,4,5,5,6,5,1,3,3,5,5,4,5,4,6,0.9153,4,4,4,4,2,5,2,4,6,4,4,4,4,"True","False","False","False","False","False","False","True","False","False","False",NA,NA,4,"",57.833,31.637,17.7570621468927,55,0,77.8797053403328,6.40395480225989,42.3728813559322,0,96.1811925401865,3.66666666666667,5,5.33333333333333,2.33333333333333,4.66666666666667,5
"S009",34.1196666666667,"01/08/2024","11:40:17","chrome","False","Windows 10",1536,730,"sof1","Female",15,"High school","Prefer not to say","True","Hispanic/Latino","Spain","Heterosexual","Single and open to dating",1.81046666666667,2,0,1,5,2,5,3,4,2,4,4,5,4,3,5,6,5,1,1.31421666666667,2,5,4,5,4,6,4,4,5,5,5,2,4,"True","False","True","False","False","False","True","False","False","True","False",3,NA,3,"",45.442,25.382,6.23347407309671,49.0909090909091,0,54.7300711086329,5.18505079825835,26.9230769230769,0,87.578557770317,1,4,3,4.33333333333333,4,4
"S010",39.5024,"01/08/2024","20:42:39","chrome","False","Windows 10",1280,585,"sof1","Female",15,"High school","Prefer not to say","False","South Asian","United States","Heterosexual","Single and not open to dating",2.49166666666667,1,6,6,6,2,6,0,1,4,6,6,6,6,3,1,4,3,6,1.11116666666667,2,6,3,6,4,1,6,6,5,6,6,4,2,"False","False","False","True","False","False","True","False","False","False","False",NA,NA,4,"Thank you so much it was an amazing study. I would love to learn more about the study and would love to read the published paper. Thank you",34.122,17.339,0,0,0,63.0184528360858,12.8143385934152,36.6666666666667,0,95.8015335040833,4.33333333333333,4.66666666666667,1.66666666666667,6,3.33333333333333,4.33333333333333
"S011",56.1298833333333,"01/08/2024","21:29:35","chrome","False","Windows 10",1280,585,"sof1","Female",43,"Master","Biology, Chemistry, Physics","False","South Asian","United States","Heterosexual","In a relationship and not open to dating",5.92085,1,4,6,6,6,6,3,2,1,0,1,3,0,2,4,3,3,1,5.90441666666667,3,4,1,4,2,3,5,3,6,5,5,1,5,"True","False","False","False","False","False","True","True","False","True","False",3,NA,4,"Thank you",81.004,52.378,1.52542372881356,15.2542372881356,0,75.2378933872623,2,20,0,182.741896527335,3.66666666666667,6,2,1.33333333333333,2,2.33333333333333
"S012",32.05025,"02/08/2024","09:19:11","chrome","False","Windows 10",1920,919,"sof1","Female",23,"Bachelor","Psychology, Neuroscience","False","White","United States","Bisexual","Single and not open to dating",1.1218,5,5,2,5,4,5,4,5,6,2,2,1,5,3,2,5,6,6,0.989116666666667,1,2,5,5,2,4,2,2,4,5,4,3,4,"False","True","False","False","False","False","False","True","False","False","False",NA,NA,4,"",40.572,22.214,9.05367231638418,30,0,109.518613093578,7.57909604519774,32.2033898305085,0,99.1092235453778,4,4.66666666666667,5,1.66666666666667,3.33333333333333,5.66666666666667
"S013",40.6754166666667,"02/08/2024","10:10:55","chrome","False","Windows 10",1348,598,"sof1","Male",56,"Master","Business, Economics","False","White","Spain","Heterosexual","In a relationship and not open to dating",1.70071666666667,4,3,3,1,5,5,3,1,0,5,5,2,3,3,2,2,2,1,1.15958333333333,5,6,5,6,6,6,5,5,4,4,5,5,4,"True","False","False","True","False","False","False","True","False","False","False",NA,NA,4,"",90.877,44.396,2.39766081871345,22.2222222222222,0,74.9592320729039,5.58968253968254,18,0,97.4077003237512,3.33333333333333,3.66666666666667,1.33333333333333,4,2.66666666666667,1.66666666666667
"S014",46.1466,"02/08/2024","12:19:25","chrome","False","Mac OS",916,934,"sof1","Male",22,"Master","Mathematics, Physics","True","White","United Kingdom","Heterosexual","Single and open to dating",1.96695,4,6,5,2,4,3,6,4,6,4,3,6,5,6,5,4,6,5,1.93996666666667,4,2,3,4,1,4,1,3,4,5,3,3,4,"True","False","False","True","False","False","False","False","False","False","False",NA,NA,3,"",46.45,19.189,5.59322033898305,25.4237288135593,0,79.0705969348049,1.86440677966102,6.77966101694915,0,170.791387766296,5,3,5.33333333333333,4.33333333333333,5.33333333333333,5
"S015",36.1689333333333,"04/08/2024","06:37:44","chrome","False","Mac OS",1426,704,"sof1","Male",56,"Master","Literature, Languages","False","Mixed","United States","Heterosexual","In a relationship and not open to dating",1.95555,5,6,1,1,5,4,4,6,4,2,3,2,1,2,1,6,6,4,1.51598333333333,2,4,6,5,0,6,3,2,4,3,4,4,2,"True","False","False","True","False","False","True","False","False","True","False",2,NA,4,"",73.684,23.722,3.72033898305085,22.0338983050847,0,102.352484203197,2.3361581920904,10,0,179.0234155086,4,3.33333333333333,4.66666666666667,2.33333333333333,1.33333333333333,5.33333333333333
"S017",34.1621833333333,"06/08/2024","13:40:23","chrome","False","Windows 10",1536,776,"sof1","Female",25,"Master","Psychology, Neuroscience","True","Mixed","Spain","Heterosexual","In a relationship and not open to dating",1.16141666666667,6,6,5,3,6,6,6,2,4,3,3,6,6,6,6,5,1,6,0.719383333333333,0,5,6,5,5,6,3,4,6,0,0,3,3,"True","False","False","False","False","False","False","True","False","False","False",NA,NA,NA,"",3.075,6.946,NA,NA,NA,NA,NA,NA,NA,NA,5.66666666666667,5,4,4,6,4
"S018",57.0561833333333,"06/08/2024","21:21:32","edge-chromium","False","Windows 10",1318,654,"sof1","Female",58,"Master","Literature, Languages","False","White","Spain","Heterosexual","In a relationship and not open to dating",6.37528333333333,5,4,3,3,4,5,3,3,4,4,3,4,4,3,4,2,6,5,3.02906666666667,2,5,4,5,5,5,4,6,3,4,4,2,4,"True","False","False","False","False","False","False","False","False","False","False",NA,NA,4,"N/A",130.201,56.149,0.833333333333333,6.66666666666667,0,103.548604736196,1.35622955694321,8.47457627118644,0,191.607354684881,4,4,3.33333333333333,3.66666666666667,3.66666666666667,4.33333333333333
"S019",27.4324,"07/08/2024","12:09:58","edge-chromium","False","Windows 10",1358,654,"sof1","Female",23,"Bachelor","Mathematics, Physics","True","White","Spain","Heterosexual","In a relationship and not open to dating",1.3856,6,6,6,6,6,6,4,5,5,6,6,0,5,2,1,5,0,4,0.800516666666667,4,3,2,4,3,2,3,0,5,3,1,5,5,"True","False","False","True","True","False","False","False","False","False","False",NA,NA,1,"it was a bit too long",29.699,17.449,NA,NA,NA,NA,NA,NA,NA,NA,6,6,4.66666666666667,4,2.66666666666667,3
"S020",80.4131333333333,"07/08/2024","14:34:22","safari","False","Mac OS",1440,727,"sof1","Male",19,"High school","Prefer not to say","True","White","Spain","Heterosexual","Single and open to dating",2.88106666666667,6,5,5,1,1,0,6,2,6,5,1,1,5,5,1,3,6,6,1.60563333333333,1,5,6,6,4,5,4,6,3,6,3,2,3,"False","True","False","False","False","False","True","False","False","False","False",NA,NA,2,"",88.999,21.314,3.44827586206897,15.5172413793103,0,56.3825909894026,13.2758620689655,55.1724137931034,0,101.506747613666,5.33333333333333,0.666666666666667,4.66666666666667,2.33333333333333,3.66666666666667,5
"S021",34.9941333333333,"07/08/2024","15:44:22","chrome","False","Windows 10",1536,730,"sof1","Male",22,"Bachelor","Biology, Chemistry, Physics","False","Prefer not to say","United Kingdom","Heterosexual","Single and not open to dating",1.8348,4,5,3,4,0,4,6,2,4,1,2,2,2,6,5,3,2,6,1.1585,1,6,4,6,3,5,1,5,5,4,4,2,1,"True","False","False","False","False","False","True","False","False","False","False",NA,NA,2,"",35.884,21.638,1.17231638418079,6.66666666666667,0,127.0907570461,1.69843222902376,6.66666666666667,0,154.922409183337,4,2.66666666666667,4,1.66666666666667,4.33333333333333,3.66666666666667
"S022",37.6488833333333,"07/08/2024","16:13:03","ios","True","iOS",980,1665,"sof1","Female",27,"Master","Psychology, Neuroscience","True","Southeast Asian","Malaysia","Heterosexual","Single and open to dating",0.941566666666667,6,4,3,5,4,6,1,0,0,2,3,3,1,1,2,4,6,6,0.96485,2,2,5,2,5,5,3,4,5,4,4,5,6,"False","False","False","True","False","False","False","True","False","False","False",NA,NA,2,"My biggest concern about AI is the use of it for deepfake videos, especially to create harmful explicit materials. It is deeply worrying and unethical",81.071,47.374,NA,NA,NA,NA,NA,NA,NA,NA,4.33333333333333,5,0.333333333333333,2.66666666666667,1.33333333333333,5.33333333333333
"S023",66.1800833333333,"07/08/2024","17:01:21","chrome","False","Windows 10",1366,599,"sof1","Female",60,"Bachelor","Biology, Chemistry, Physics","False","White","Spain","Heterosexual","In a relationship and not open to dating",7.75608333333333,6,4,3,5,6,3,6,5,4,3,3,2,5,5,5,2,5,1,5.1736,2,3,5,3,4,6,4,5,2,3,4,3,3,"True","False","False","False","False","False","False","True","False","False","False",NA,NA,2,"It is difficult to maintain the concentration and it is possible to make mistakes  ",179.735,114.375,3.54237288135593,25.4237288135593,0,83.9722489534633,5.3448275862069,33.3333333333333,0,123.143604824508,4.33333333333333,4.66666666666667,5,2.66666666666667,5,2.66666666666667
"S024",51.2783,"07/08/2024","17:32:20","ios","True","iOS",980,1685,"sof1","Female",15,"High school","Prefer not to say","True","White","Spain","Heterosexual","In a relationship and not open to dating",4.8338,0,2,3,1,6,6,4,4,4,5,4,4,6,2,4,6,6,6,3.01091666666667,3,5,6,6,4,6,4,4,3,3,4,3,5,"True","False","False","True","False","False","False","False","False","True","False",2,NA,3,"",90.04,66.115,0,0,0,275.441123211409,0,0,0,5630.22802077565,1.66666666666667,4.33333333333333,4,4.33333333333333,4,6
"S025",39.5034,"07/08/2024","18:11:24","ios","True","iOS",980,1665,"sof1","Male",22,"Bachelor","Business, Economics","False","Prefer not to say","Ireland","Heterosexual","Single and not open to dating",1.81051666666667,3,6,4,3,3,3,5,4,4,4,4,2,3,1,2,4,4,4,1.26648333333333,4,4,3,4,5,3,4,3,3,5,4,6,2,"True","False","False","False","False","False","True","False","False","False","False",NA,NA,3,"One more break during the initial photo assessment period might help ",51.216,33.338,0.344827586206897,3.44827586206897,0,175.631399238123,0,0,0,482.254036194479,4.33333333333333,3,4.33333333333333,3.33333333333333,2,4
"S026",43.133,"07/08/2024","18:35:03","chrome","True","Android OS",979,1815,"sof1","Female",56,"Master","Business, Economics","False","White","Spain","Heterosexual","In a relationship and not open to dating",2.44565,2,4,3,2,5,0,6,4,1,5,4,3,5,5,5,6,6,6,1.5108,1,5,2,5,1,6,1,5,5,5,5,6,2,"True","False","False","False","False","False","False","True","False","False","False",NA,NA,3,"",46.267,31.591,0,0,0,170.746458011411,0,0,0,255.924434612034,3,2.33333333333333,3.66666666666667,4,5,6
"S027",45.6721166666667,"07/08/2024","21:26:16","chrome","True","Android OS",980,1913,"sof1","Female",16,"High school","Prefer not to say","True","White","Spain","Heterosexual","Single and open to dating",2.84183333333333,0,5,5,4,6,4,6,6,5,0,6,0,3,6,1,3,6,6,1.34045,3,6,2,6,6,3,6,6,0,5,6,0,0,"True","False","False","False","False","False","True","False","False","False","False",NA,NA,3,"MUY LARGO pero está bien",24.543,12.501,1.21666666666667,8,0,180.025741617076,0,0,0,194.189536595586,3.33333333333333,4.66666666666667,5.66666666666667,2,3.33333333333333,5
"S028",41.3853666666667,"07/08/2024","23:15:42","ios","True","iOS",980,1441,"sof1","Male",69,"Master","Business, Economics","False","White","United States","Heterosexual","In a relationship and not open to dating",1.5159,4,4,4,4,3,4,4,4,4,2,2,4,3,2,2,3,6,6,1.40145,1,5,6,5,5,5,2,5,4,6,4,3,2,"True","False","False","False","False","False","False","False","False","False","False",NA,NA,0,"Honestly,?I believe that ALL of the photos in the last section could actually be real people because I have seen those faces while teaching immigrants to the US from S. and C. America.  I believe a better experiment would have been to use AI generated photos of known individuals therefore testing the veracity of the accuracy of the AI generated image.  Again, all of these images could have been real people that I just don’t happen to know.  IMHO.  ",118.855,38.344,0,0,0,267.463047610354,0.185185185185185,1.85185185185185,0,393.495738254383,4,3.66666666666667,4,2.66666666666667,2.33333333333333,5
"S029",42.3408,"08/08/2024","02:29:48","ios","True","iOS",980,1613,"sof1","Male",22,"Master","Biology, Chemistry, Physics","True","White","United Kingdom","Heterosexual","Single and open to dating",3.06311666666667,4,1,3,3,5,5,2,5,2,2,2,3,4,4,3,3,6,5,2.8775,2,2,4,4,1,4,3,3,3,6,4,4,5,"False","True","False","False","False","False","False","False","False","False","False",NA,NA,4,"",38.848,15.432,1.18936294564582,5.08474576271187,0,216.774377968004,0,0,0,818.670506348863,2.66666666666667,4.33333333333333,3,2.33333333333333,3.66666666666667,4.66666666666667
"S030",37.5344666666667,"08/08/2024","12:55:53","instagram","True","iOS",980,1663,"sof1","Female",22,"Bachelor","Biology, Chemistry, Physics","True","White","Prefer not to say","Heterosexual","Single and open to dating",2.51983333333333,3,0,1,4,4,4,3,5,3,1,4,2,3,3,2,3,1,4,1.44196666666667,3,1,3,2,1,5,1,1,6,3,2,6,5,"True","False","False","False","False","False","False","True","False","False","False",NA,NA,4,"",36.568,15.621,0.169491525423729,1.69491525423729,0,112.698767117388,0,0,0,363.19079284003,1.33333333333333,4,3.66666666666667,2.33333333333333,2.66666666666667,2.66666666666667
"S031",44.92525,"08/08/2024","14:41:40","chrome","False","Windows 10",1366,607,"sof1","Female",58,"High school","Prefer not to say","False","White","Spain","Heterosexual","In a relationship and not open to dating",2.24036666666667,4,4,4,6,5,5,5,6,5,2,2,1,4,3,5,4,5,6,1.72856666666667,0,5,6,5,5,6,5,3,4,4,3,2,2,"True","False","False","True","True","False","False","True","False","False","False",NA,NA,4,"",79.981,34.021,10.6073446327684,35.5932203389831,0,58.4951996304342,12.1440677966102,33.3333333333333,0,97.3006164941189,4,5.33333333333333,5.33333333333333,1.66666666666667,4,5
"S032",48.4102166666667,"08/08/2024","19:55:19","chrome","True","Android OS",980,1842,"sof1","Male",56,"Master","Political Science, Law","False","Hispanic/Latino","Spain","Heterosexual","In a relationship and not open to dating",5.3803,4,4,5,4,4,4,6,6,6,2,3,2,6,6,5,4,6,6,2.65228333333333,1,5,4,5,5,5,3,4,4,2,3,2,3,"True","False","False","False","False","False","True","False","False","False","False",NA,NA,2,"It's difficult  for me to reach any conclusión about all the questions, I've answered , but I hope , all my answers are useful for you.",153.612,67.857,0.434782608695652,4.34782608695652,0,252.774671134404,0,0,0,331.04489924502,4.33333333333333,4,6,2.33333333333333,5.66666666666667,5.33333333333333
"S033",35.9799833333333,"08/08/2024","21:32:18","chrome","False","Mac OS",1710,948,"sof1","Female",20,"Bachelor","Medicine","True","White","Spain","Heterosexual","Single and not open to dating",1.48741666666667,1,3,3,4,5,5,4,3,3,5,4,5,5,5,4,5,5,5,1.2203,2,4,3,5,4,3,4,4,4,3,4,3,2,"False","False","False","True","True","False","False","True","False","False","False",NA,NA,2,"",42.995,19.299,11.0677966101695,36.6666666666667,0,160.908937880259,6.90696489765676,40.6779661016949,0,141.876998325803,2.33333333333333,4.66666666666667,3.33333333333333,4.66666666666667,4.66666666666667,5
"S034",88.5354166666667,"09/08/2024","10:47:24","samsung","True","Android OS",980,1689,"sof1","Female",15,"High school","Prefer not to say","True","White","Spain","Heterosexual","In a relationship and not open to dating",10.7246666666667,5,3,4,5,6,5,2,5,5,4,2,5,4,5,2,4,6,3,8.82615,4,3,4,2,3,5,5,4,2,6,5,4,2,"True","False","False","False","False","False","True","False","False","False","False",NA,NA,2,"",90.072,65.789,0,0,0,407.165183458013,0,0,0,444.694194357051,4,5.33333333333333,4,3.66666666666667,3.66666666666667,4.33333333333333
"S035",59.9803,"09/08/2024","11:47:34","chrome","False","Windows 10",1280,551,"sof1","Male",25,"Bachelor","Biology, Chemistry, Physics","True","Mixed","United Kingdom","Heterosexual","In a relationship and not open to dating",2.74115,1,6,6,1,1,1,5,5,5,4,1,5,2,4,0,5,4,1,2.22158333333333,1,5,5,4,5,4,4,3,5,5,3,3,3,"True","False","False","False","False","False","False","False","False","False","False",NA,NA,1,"I have several sorry:
- asking trustworthiness probably instinctively lowers my trustworthiness rating for them
- I forgot to pay attention to the ai or photo tags so I just got carried away with the face ratings - perhaps the tags flashed too quick so I didnt pay attention to them
- trustworthiness cant really be inferred from photographs. I feel like other parameters have a much bigger impact on whether you think people are trustworthy or not - videos could perhaps give more 'real' estimates
- I needed more breaks lol
- Most of the faces were pretty ugly and so perhaps not very attention grabbing - idk if they are all ai but I think most seemed less attractive than the average person
- idk if the background played into it as well - as in, having no background made them look more sus and also perhaps more ugly as you really focus on their facial features
- I think a rating as well for attractiveness and other scales as in 1-10 could be better rather than agree/disagree. - as in, if they are ugly then I would give a rating of disagree, but also if they are standard looking, then they arent beautiful so do I give the same rating?
- It was quite long, perhaps too many faces
- near the end I started to feel like they were all suspicious because they all had no background and then I started to think they were all ai. - kinda spiralled a bit so perhapos if it is a bit shorter then won't reach such thresholds.",156.736,65.653,1.87901811805961,8.62068965517241,0,92.800627496465,1.00028264556246,5,0,133.149684105008,4.33333333333333,1,5,3.33333333333333,2,3.33333333333333
"S036",39.9829333333333,"09/08/2024","14:06:26","chrome","True","Android OS",980,1829,"sof1","Female",38,"Master","Biology, Chemistry, Physics","False","White","Spain","Heterosexual","Single and open to dating",2.42231666666667,6,6,6,6,6,6,2,0,3,3,4,2,5,5,4,3,3,6,1.05775,1,5,4,5,5,4,5,5,1,3,4,2,6,"True","False","False","False","False","False","False","False","False","False","False",NA,NA,NA,"",68.317,32.69,0,0,0,363.629648390261,0,0,0,426.980072267664,6,6,1.66666666666667,3,4.66666666666667,4
"S037",34.64085,"09/08/2024","16:57:39","ios","True","iOS",979,405,"sof1","Female",20,"Bachelor","Biology, Chemistry, Physics","True","White","Spain","Homosexual","In a relationship and not open to dating",2.00985,6,5,4,5,6,6,5,6,2,1,4,6,6,6,5,6,6,6,1.3411,4,4,4,4,4,6,5,2,1,4,2,2,2,"True","False","False","False","False","False","True","False","False","False","False",NA,NA,2,"",12.534,16.171,0.865546218487395,5.71428571428571,0,192.621561663616,0.294117647058823,2.94117647058824,0,464.527890532902,5,5.66666666666667,4.33333333333333,3.66666666666667,5.66666666666667,6
"S038",37.2423833333333,"10/08/2024","15:21:52","chrome","False","Mac OS",1366,681,"sof1","Male",23,"Bachelor","Political Science, Law","False","Black","United Kingdom","Heterosexual","In a relationship and not open to dating",2.0543,5,1,3,1,1,2,5,4,4,3,4,4,2,2,4,5,6,6,1.1078,3,5,6,3,1,6,2,3,5,2,1,3,4,"True","False","False","False","False","False","False","True","False","False","False",NA,NA,4,"",53.731,26.632,10.4959808966468,50.9803921568627,0,64.4067873701175,9.18722786647315,55.7692307692308,0,103.077277040393,3,1.33333333333333,4.33333333333333,3.66666666666667,2.66666666666667,5.66666666666667
"S039",46.5702833333333,"10/08/2024","20:50:42","ios","True","iOS",980,1640,"sof1","Male",46,"Master","Medicine","False","White","Prefer not to say","Heterosexual","In a relationship and not open to dating",4.15656666666667,5,6,5,1,1,1,5,5,0,1,1,6,6,6,4,5,5,1,1.91003333333333,2,5,4,5,5,5,5,4,1,5,4,1,2,"True","False","False","False","False","False","True","False","False","False","False",NA,NA,3,"",19.427,23.757,0,0,0,377.420535069101,0.695704779189353,3.50877192982456,0,436.296289159201,5.33333333333333,1,3.33333333333333,2.66666666666667,5.33333333333333,3.66666666666667
"S040",40.9754333333333,"10/08/2024","22:30:12","ios","True","iOS",980,1665,"sof1","Female",26,"Master","Business, Economics","False","White","France","Heterosexual","In a relationship and not open to dating",4.06431666666667,6,3,2,1,5,5,4,5,6,5,2,1,5,3,5,3,6,2,2.6506,4,4,4,5,4,4,2,2,4,4,3,4,1,"True","False","False","False","False","False","False","True","False","False","False",NA,NA,3,"",21.385,28.205,NA,NA,NA,NA,NA,NA,NA,NA,3.66666666666667,3.66666666666667,5,2.66666666666667,4.33333333333333,3.66666666666667
"S041",67.1077666666667,"11/08/2024","09:48:58","safari","False","Mac OS",1440,814,"sof1","Female",65,"Bachelor","Arts and Humanities","False","White","United States","Heterosexual","In a relationship and not open to dating",1.02265,5,6,6,1,1,3,6,5,6,5,3,6,6,6,6,5,1,6,1.33698333333333,2,6,4,6,5,5,6,6,0,6,5,1,1,"False","True","False","False","False","False","True","False","False","True","False",0,NA,4,"Anyone with a photographic memory will ace the last section. Unfortunately, that not me.  ",597.601,113.497,NA,NA,NA,NA,NA,NA,NA,NA,5.66666666666667,1.66666666666667,5.66666666666667,4.66666666666667,6,4
"S042",53.6129,"11/08/2024","15:18:43","chrome","False","Mac OS",1440,787,"sof1","Female",23,"Bachelor","Biology, Chemistry, Physics","False","White","United Kingdom","Heterosexual","Single and open to dating",3.10765,5,3,5,6,6,6,2,5,2,2,1,2,3,4,3,3,6,0,1.64161666666667,1,3,3,4,2,5,5,6,6,6,6,1,5,"True","False","False","True","False","False","False","False","False","False","False",NA,NA,2,"",100.213,27.886,9.89975813746785,44.4444444444444,0,73.5763677722176,6.18404328308824,30.9090909090909,0,99.7603358717148,4.33333333333333,6,3,1.66666666666667,3.33333333333333,3
"S043",35.7844666666667,"11/08/2024","15:41:52","chrome","False","Mac OS",1237,723,"sof1","Female",25,"Master","Arts and Humanities","True","White","United Kingdom","Heterosexual","Single and open to dating",1.75456666666667,5,6,5,5,5,6,4,2,4,6,4,2,4,5,5,5,6,6,0.939766666666667,1,2,3,4,2,5,1,1,5,4,2,4,5,"True","False","False","False","False","False","False","True","False","False","False",NA,NA,1,"",2.246,54.058,3.21186440677966,13.5593220338983,0,73.6158121042388,3.70338983050847,13.3333333333333,0,106.685240608333,5.33333333333333,5.33333333333333,3.33333333333333,4,4.66666666666667,5.66666666666667
"S044",50.3002166666667,"11/08/2024","18:04:56","ios","True","iOS",980,1683,"sof1","Female",22,"Bachelor","Arts and Humanities","False","Hispanic/Latino","Spain","Heterosexual","In a relationship and open to dating",3.29261666666667,5,3,3,2,4,5,5,4,3,2,2,3,1,4,5,3,6,6,0.6361,2,4,3,4,2,3,2,3,4,3,4,5,4,"True","False","False","False","False","False","False","True","True","False","False",NA,NA,1,"",2.775,10.99,0,0,0,625.70060074072,0,0,0,792.788494956217,3.66666666666667,3.66666666666667,4,2.33333333333333,3.33333333333333,5
"S045",36.5585,"11/08/2024","19:05:09","chrome","False","Windows 10",1536,643,"sof1","Female",55,"Bachelor","Business, Economics","False","White","Spain","Heterosexual","In a relationship and not open to dating",2.35376666666667,5,6,5,0,1,6,2,4,4,5,4,6,6,6,6,2,6,5,1.6264,4,6,1,6,5,4,2,5,6,5,3,1,1,"False","False","False","True","False","False","False","True","False","False","False",NA,NA,3,"",55.081,29.094,5.69774011299435,23.3333333333333,0,146.491288475506,14.8728813559322,77.9661016949153,0,171.951028946968,5.33333333333333,2.33333333333333,3.33333333333333,5,6,4.33333333333333
"S046",38.8761666666667,"11/08/2024","19:14:05","chrome","False","Mac OS",1237,723,"sof1","Male",56,"Master","Engineering, Computer Science","False","White","France","Heterosexual","In a relationship and not open to dating",3.73163333333333,5,3,4,1,5,3,4,4,2,3,3,2,5,3,5,2,3,1,1.86813333333333,2,5,2,5,5,4,5,5,2,4,3,1,2,"True","False","False","False","False","False","True","False","False","False","False",NA,NA,2,"",50.564,26.589,1.01694915254237,10.1694915254237,0,86.4905704441257,0.675141242937853,5.08474576271187,0,119.887653294552,4,3,3.33333333333333,2.66666666666667,4.33333333333333,2
"S047",35.2802833333333,"11/08/2024","19:20:17","chrome","False","Windows 10",1920,953,"surveyswap","Male",18,"High school","Prefer not to say","True","White","United Kingdom","Homosexual","In a relationship and not open to dating",1.45503333333333,3,5,6,5,5,5,1,1,3,4,3,5,3,4,4,1,5,3,1.16613333333333,4,4,4,6,4,5,5,3,2,5,3,0,4,"False","True","False","True","False","False","False","False","False","False","False",NA,NA,4,"",82.705,20.209,NA,NA,NA,NA,NA,NA,NA,NA,4.66666666666667,5,1.66666666666667,4,3.66666666666667,3
"S048",46.64455,"11/08/2024","20:09:52","firefox","False","Windows 10",1536,703,"sof1","Female",25,"Master","Political Science, Law","False","White","France","Bisexual","Single and open to dating",2.69456666666667,2,4,5,3,2,1,4,2,4,4,4,5,4,6,5,6,5,6,1.91,1,6,4,6,5,5,4,4,4,5,4,0,0,"True","False","False","False","False","False","True","True","False","False","False",NA,NA,4,"Interesting testing, thanks ! Best of work!",130.076,32.524,NA,NA,NA,NA,NA,NA,NA,NA,3.66666666666667,2,3.33333333333333,4.33333333333333,5,5.66666666666667
"S049",42.2852833333333,"11/08/2024","20:37:01","chrome","True","Android OS",980,1897,"sof1","Male",23,"High school","Prefer not to say","True","White","United Kingdom","Heterosexual","Single and open to dating",2.72988333333333,5,5,3,1,1,2,3,2,2,5,5,5,2,5,0,5,4,3,1.67521666666667,3,2,4,4,5,6,3,5,3,5,4,4,5,"True","False","False","True","False","False","False","True","False","False","False",NA,NA,4,"",31.726,23.299,0.93167701863354,7.14285714285714,0,121.054006265794,0.790764790764791,2.85714285714286,0,208.329738064638,4.33333333333333,1.33333333333333,2.33333333333333,5,2.33333333333333,4
"S050",35.6649166666667,"11/08/2024","20:42:15","chrome","True","Android OS",980,1849,"surveyswap","Female",27,"High school","Prefer not to say","False","White","United States","Bisexual","Single and open to dating",2.14133333333333,5,6,6,2,1,6,3,2,4,5,3,5,5,5,6,6,5,6,1.59193333333333,3,3,5,4,2,6,3,4,3,4,1,4,4,"False","True","False","False","False","False","False","False","False","False","True",NA,2,4,"I think I may have some facial blindness, and I'm unsure if that might have affected things ",79.205,21.237,NA,NA,NA,NA,NA,NA,NA,NA,5.66666666666667,3,3,4.33333333333333,5.33333333333333,5.66666666666667
"S051",34.4738833333333,"11/08/2024","21:39:22","ios","True","iOS",980,1689,"sof1","Female",22,"Bachelor","Arts and Humanities","True","White","United Kingdom","Heterosexual","In a relationship and not open to dating",1.05123333333333,2,6,5,5,4,5,1,5,5,0,0,2,4,2,4,4,4,2,0.528816666666667,2,4,4,5,1,5,4,4,2,4,1,2,3,"True","False","False","False","False","False","True","False","False","False","False",NA,NA,NA,"",26.701,21.315,0,0,0,130.647628942255,0.294117647058823,2.94117647058824,0,523.761659006212,4.33333333333333,4.66666666666667,3.66666666666667,0.666666666666667,3.33333333333333,3.33333333333333
"S052",47.4785666666667,"11/08/2024","22:10:18","chrome","False","Windows 10",1920,919,"sof1","Male",19,"High school","Prefer not to say","True","South Asian","United Kingdom","Heterosexual","Single and open to dating",2.73321666666667,2,3,5,4,2,5,3,0,1,0,5,5,1,2,3,2,0,0,1.46973333333333,1,6,5,6,6,6,1,5,5,4,4,1,5,"True","False","False","True","False","False","True","False","False","False","False",NA,NA,2,"some of these people looked terrifying i hope to god they were ai",58.971,33.145,NA,NA,NA,NA,NA,NA,NA,NA,3.33333333333333,3.66666666666667,1.33333333333333,3.33333333333333,2,0.666666666666667
"S053",39.0363666666667,"12/08/2024","10:34:01","chrome","True","Android OS",980,1824,"sof1","Female",22,"Master","Psychology, Neuroscience","True","White","United Kingdom","Heterosexual","In a relationship and not open to dating",2.28091666666667,5,5,5,4,4,4,5,1,3,4,4,2,5,5,5,6,3,6,1.06183333333333,4,5,3,5,4,3,5,4,1,4,3,1,2,"True","False","False","False","False","False","True","False","False","False","False",NA,NA,0,"",14.722,19.603,NA,NA,NA,NA,NA,NA,NA,NA,5,4,3,3.33333333333333,5,5
"S055",30.7796,"12/08/2024","15:41:54","chrome","False","Windows 10",1366,633,"surveyswap","Female",35,"Master","Psychology","False","White","United Arab Emirates","Heterosexual","In a relationship and not open to dating",2.23045,5,6,6,3,2,5,3,4,2,2,4,4,6,6,4,3,5,5,1.48413333333333,4,2,2,2,2,2,2,2,6,6,6,6,6,"True","False","True","False","False","False","True","True","False","False","False",NA,NA,4,"",41.438,6.292,NA,NA,NA,NA,NA,NA,NA,NA,5.66666666666667,3.33333333333333,3,3.33333333333333,5.33333333333333,4.33333333333333
"S056",29.50335,"12/08/2024","16:49:16","safari","False","Mac OS",1440,820,"sof1","Female",23,"Master","Sociology, Anthropology","True","White","United Kingdom","Heterosexual","In a relationship and not open to dating",1.5309,5,3,5,4,4,4,5,5,5,3,3,4,6,6,6,6,6,6,1.07635,2,4,2,4,4,3,3,6,6,3,4,3,5,"True","False","False","False","False","False","False","True","False","False","False",NA,NA,4,"",10.929,21.43,2.24137931034483,17.2413793103448,0,64.3899304003414,5.17241379310345,25.8620689655172,0,136.344941749121,4.33333333333333,4,5,3.33333333333333,6,6
"S057",30.9397666666667,"12/08/2024","16:49:31","edge-chromium","False","Windows 10",1488,708,"surveycircle","Male",46,"Doctorate","Psychology, Neuroscience","Prefer not to say","White","Australia","Heterosexual","Single and open to dating",0.90445,3,5,5,4,5,6,5,5,1,5,5,5,5,5,2,2,3,3,0.789283333333333,5,2,1,4,2,1,4,3,4,6,6,5,6,"False","True","False","True","False","False","False","True","False","False","False",NA,NA,4,"I'm curious about how accurate the eye tracker is. Seems like a great idea to use a webcam",21.834,13.213,15.0662039110315,50,0,91.0589417865995,15.162093283061,56.6666666666667,0,122.002936679807,4.33333333333333,5,3.66666666666667,5,4,2.66666666666667
"S058",54.0045833333333,"12/08/2024","17:24:36","chrome","False","Mac OS",1239,593,"sof1","Female",26,"Bachelor","Arts and Humanities","False","Hispanic/Latino","United States","Heterosexual","In a relationship and not open to dating",2.90853333333333,3,2,2,3,1,4,6,6,5,3,1,5,6,6,6,1,6,6,1.71283333333333,2,5,5,5,6,5,1,1,5,4,3,6,6,"False","True","False","False","False","False","False","False","False","False","False",NA,NA,4,"This was a successful experiment to test my perception. I encountered difficulty in determining which faces I considered more trustworthy, as it was challenging to distinguish between computer-generated images and real photographs. I initially thought I would have trusted the images of faces that appeared more realistic.",104.862,45.713,2.02191370364161,11.3207547169811,0,79.8483377425537,1.4199527030743,7.27272727272727,0,102.47475950428,2.33333333333333,2.66666666666667,5.66666666666667,3,6,4.33333333333333
"S059",37.0662333333333,"12/08/2024","19:09:34","chrome","False","Windows 10",1536,730,"sof1","Male",21,"Master","Mathematics, Physics","True","White","Spain","Bisexual","In a relationship and open to dating",2.53391666666667,1,1,1,3,2,4,5,4,5,5,4,5,3,3,2,4,5,6,1.5876,6,6,6,6,5,6,5,4,1,6,1,0,1,"True","False","False","False","False","False","True","True","False","False","False",NA,NA,0,"It is extremely long! Much longer than I expected, I seriously consider stopping midway through. Maybe paid and in person, or online but simultaneously and paid, would make more sense.",52.053,31.447,4.57627118644068,16.9491525423729,0,84.1152195974101,0.847457627118644,5.08474576271187,0,100.184891242557,1,3,4.66666666666667,4.66666666666667,2.66666666666667,5
"S061",33.9996,"12/08/2024","20:18:15","ios","True","iOS",980,1674,"surveyswap","Female",28,"Bachelor","Medicine","False","White","United States","Heterosexual","In a relationship and not open to dating",1.36935,4,2,3,3,2,2,6,1,5,0,3,6,6,6,6,1,4,4,0.902266666666667,4,4,2,4,3,3,1,4,5,4,4,3,4,"True","False","False","False","False","False","False","True","False","False","False",NA,NA,3,"",87.5,36.891,NA,NA,NA,NA,NA,NA,NA,NA,3,2.33333333333333,4,3,6,3
"S062",54.3427,"12/08/2024","21:13:35","chrome","True","Android OS",980,1845,"sof1","Female",46,"Bachelor","Political Science, Law","False","White","Spain","Heterosexual","In a relationship and open to dating",4.29361666666667,6,3,3,3,5,3,6,5,5,6,6,3,2,5,5,4,6,6,2.52508333333333,2,4,2,4,4,3,4,4,2,5,5,3,2,"False","True","False","True","False","False","True","True","True","False","False",NA,NA,4,"",3.779,71.276,0.526315789473684,5.26315789473684,0,365.552456537819,1.25,6.25,0,322.66763781949,4,3.66666666666667,5.33333333333333,5,4,5.33333333333333
"S063",55.93265,"12/08/2024","21:16:33","ios","True","iOS",980,1689,"sof1","Male",14,"High school","Prefer not to say","True","White","Spain","Heterosexual","Single and open to dating",6.57605,2,5,3,5,3,6,1,4,3,3,5,5,4,2,5,5,2,5,4.73981666666667,2,5,2,4,4,4,2,4,2,4,5,1,1,"False","True","False","True","False","False","False","False","False","False","False",NA,NA,3,"",171.42,8.726,0,0,0,235.167225767156,0,0,0,1999.39066762123,3.33333333333333,4.66666666666667,2.66666666666667,4.33333333333333,3.66666666666667,4
"S064",39.35045,"12/08/2024","21:33:19","ios","True","iOS",980,1665,"sof1","Male",48,"Bachelor","Engineering, Computer Science","False","White","Spain","Heterosexual","In a relationship and not open to dating",2.41658333333333,3,6,4,1,3,5,6,5,4,4,5,6,3,5,3,6,6,5,1.14008333333333,3,6,0,6,6,5,5,5,4,6,6,3,3,"False","True","False","False","False","False","True","False","False","False","False",NA,NA,4,"",18.069,37.243,0.517241379310345,3.44827586206897,0,136.152086058816,0.689655172413793,3.44827586206897,0,190.314654270036,4.33333333333333,3,5,5,3.66666666666667,5.66666666666667
"S065",30.5836,"12/08/2024","21:35:14","chrome","True","Android OS",980,1834,"sof1","Male",26,"High school","Prefer not to say","False","White","United Kingdom","Heterosexual","In a relationship and not open to dating",3.26986666666667,1,4,3,1,1,2,4,3,4,3,2,2,3,5,5,5,0,0,1.67618333333333,3,4,5,4,1,5,4,4,2,5,4,5,4,"True","False","False","False","False","False","True","True","False","False","False",NA,NA,4,"",10.543,15.586,0.285714285714286,2.85714285714286,0,210.156947422808,0,0,0,204.103425693871,2.66666666666667,1.33333333333333,3.66666666666667,2.33333333333333,4.33333333333333,1.66666666666667
"S066",141.77475,"13/08/2024","12:04:09","chrome","True","Android OS",980,1818,"surveyswap","Male",32,"Bachelor","Arts and Humanities","False","Black","Netherlands","Heterosexual","In a relationship and open to dating",1.14896666666667,6,0,0,0,0,1,6,4,6,5,4,2,6,6,6,3,6,5,0.532583333333333,6,5,3,5,5,4,5,5,5,6,5,5,5,"False","True","False","False","False","False","True","False","False","False","False",NA,NA,0,"You make BAD surveys. This was WAY to long and a torture. NOT worth 30 points and I will be reporting it. ",7.763,19.619,NA,NA,NA,NA,NA,NA,NA,NA,2,0.333333333333333,5.33333333333333,3.66666666666667,6,4.66666666666667
"S067",41.1858,"13/08/2024","13:56:35","chrome","True","Android OS",980,1779,"sof1","Female",28,"Master","Medicine","False","White","Spain","Heterosexual","Single and open to dating",4.02186666666667,6,5,5,3,2,6,3,3,2,2,3,1,6,6,5,2,4,2,2.36718333333333,1,3,6,4,2,6,4,3,4,1,1,2,3,"True","False","False","False","False","False","False","True","False","False","False",NA,NA,3,"",159.659,61.559,NA,NA,NA,NA,NA,NA,NA,NA,5.33333333333333,3.66666666666667,2.66666666666667,2,5.66666666666667,2.66666666666667
"S070",36.6913,"13/08/2024","18:26:47","safari","False","Mac OS",1440,729,"surveycircle","Female",44,"Master","Psychology, Neuroscience","True","White","Australia","Heterosexual","In a relationship and not open to dating",2.06093333333333,5,4,4,3,2,4,3,2,2,2,4,5,5,5,5,2,4,4,1.54405,3,4,4,5,4,4,3,3,4,4,1,3,3,"True","False","False","False","False","False","False","False","False","False","False",NA,NA,3,"",40.528,20.573,5.46536796536797,16.6666666666667,0,72.1331172727664,7.96296296296296,33.3333333333333,0,93.6462369911126,4.33333333333333,3,2.33333333333333,3.66666666666667,5,3.33333333333333
"S071",96.2295,"14/08/2024","09:36:36","edge-chromium","False","Windows 10",1232,596,"sof1","Female",57,"Doctorate","Biology, Chemistry, Physics","Prefer not to say","White","Spain","Heterosexual","In a relationship and not open to dating",4.39921666666667,3,4,2,1,2,6,5,3,3,3,3,2,6,4,4,4,2,1,1.55835,0,6,3,5,6,4,5,6,3,4,4,5,6,"True","False","False","False","False","False","True","False","False","False","True",NA,3,2,"",95.23,34.699,0.514319111630625,3.44827586206897,0,258.701889261897,1.59696517089854,5.55555555555556,0,211.834240518256,3,3,3.66666666666667,2.66666666666667,4.66666666666667,2.33333333333333
"S073",31.0646,"14/08/2024","16:30:21","samsung","True","Android OS",980,1755,"surveyswap","Female",24,"Bachelor","Business, Economics","True","White","Germany","Heterosexual","Single and open to dating",1.52136666666667,2,2,2,6,2,6,1,2,2,1,2,2,5,6,5,4,2,5,1.07468333333333,4,3,2,4,3,2,2,3,4,5,4,3,4,"True","False","False","True","False","False","False","True","False","False","False",NA,NA,NA,"",80.61,25.699,NA,NA,NA,NA,NA,NA,NA,NA,2,4.66666666666667,1.66666666666667,1.66666666666667,5.33333333333333,3.66666666666667
"S074",34.4227833333333,"14/08/2024","17:57:46","firefox","False","Mac OS",1352,762,"sof1","Female",49,"High school","Prefer not to say","False","White","United States","Heterosexual","In a relationship and not open to dating",1.7903,6,5,5,2,6,5,3,6,2,5,4,5,4,3,3,3,3,4,1.02825,2,6,3,4,1,3,3,2,3,3,4,3,3,"True","False","False","False","False","False","True","False","False","False","False",NA,NA,3,"",38.615,18.006,20,100,0,0.00204081632653015,20,100,0,0.00299999999999727,5.33333333333333,4.33333333333333,3.66666666666667,4.66666666666667,3.33333333333333,3.33333333333333
"S075",38.0939666666667,"15/08/2024","10:25:46","chrome","False","Mac OS",1188,754,"sof1","Female",45,"Master","Medicine","True","White","Spain","Heterosexual","In a relationship and not open to dating",4.02006666666667,6,6,6,2,1,5,3,4,4,4,4,5,6,6,6,0,6,1,1.83226666666667,2,6,5,6,5,6,2,6,1,2,4,0,0,"True","False","False","False","False","False","True","False","False","False","False",NA,NA,4,"",59.261,33.818,18.361581920904,45,0,85.9432231390769,8.64406779661017,32.2033898305085,0,79.9607145893592,6,2.66666666666667,3.66666666666667,4.33333333333333,6,2.33333333333333
"S076",38.0552833333333,"15/08/2024","11:27:41","chrome","False","Windows 10",1536,730,"sof1","Male",62,"Bachelor","Engineering, Computer Science","False","White","United Kingdom","Heterosexual","In a relationship and not open to dating",1.54426666666667,2,4,4,2,4,5,4,6,4,5,2,1,4,2,2,6,5,6,1.4097,5,4,4,4,2,5,2,4,2,4,3,3,2,"False","True","False","False","False","False","False","True","False","False","False",NA,NA,4,"",40.527,18.045,4.04668064290706,18,0,108.36700241478,3.11572492244761,12.2448979591837,0,116.299895846341,3.33333333333333,3.66666666666667,4.66666666666667,2.66666666666667,2.66666666666667,5.66666666666667
"S077",27.1886333333333,"15/08/2024","15:10:36","edge-chromium","False","Windows 10",1528,706,"surveycircle","Female",47,"Master","Arts and Humanities","True","White","Australia","Heterosexual","Single and not open to dating",1.84956666666667,3,1,3,3,3,3,3,5,5,3,3,5,6,2,2,3,3,5,1.50853333333333,4,3,6,3,4,5,4,2,4,2,2,3,3,"True","False","False","False","False","False","False","True","False","False","False",NA,NA,3,"",7.697,44.678,NA,NA,NA,NA,NA,NA,NA,NA,2.33333333333333,3,4.33333333333333,3.66666666666667,3.33333333333333,3.66666666666667
"S078",34.16075,"15/08/2024","19:22:56","chrome","False","Windows 10",1536,776,"surveyswap","Male",23,"Master","Other","True","White","Ireland","Bisexual","In a relationship and not open to dating",1.16435,3,6,6,4,2,4,2,1,1,3,3,2,3,4,5,4,5,6,0.936316666666667,4,3,3,4,3,5,5,4,2,4,3,3,3,"True","False","False","False","False","False","False","False","False","False","False",NA,NA,3,"",56.959,39.777,NA,NA,NA,NA,NA,NA,NA,NA,5,3.33333333333333,1.33333333333333,2.66666666666667,4,5
"S079",42.2886833333333,"16/08/2024","09:51:27","chrome","False","Mac OS",1920,959,"sof1","Male",61,"Master","Engineering, Computer Science","False","White","United Kingdom","Heterosexual","In a relationship and not open to dating",2.52326666666667,6,0,6,3,2,5,2,3,1,2,5,3,5,2,1,4,6,6,1.29385,3,6,6,6,6,6,6,6,5,6,5,1,1,"True","False","False","True","False","False","True","False","False","True","False",0,NA,4,"",76.607,21.335,5.51916868442292,23.2142857142857,0,77.6373426873049,8.55763019471531,25.4237288135593,0,77.1565404968378,4,3.33333333333333,2,3.33333333333333,2.66666666666667,5.33333333333333
"S081",31.81775,"16/08/2024","21:55:20","ios","True","iOS",980,1689,"sof1","Male",20,"Bachelor","Political Science, Law","True","White","United Kingdom","Heterosexual","Single and open to dating",1.56566666666667,2,2,2,1,2,4,5,6,5,5,2,6,5,3,2,5,4,4,0.8101,3,5,2,4,4,3,3,4,4,5,4,4,4,"True","False","False","False","False","False","False","True","False","False","False",NA,NA,3,"",37.532,17.987,NA,NA,NA,NA,NA,NA,NA,NA,2,2.33333333333333,5.33333333333333,4.33333333333333,3.33333333333333,4.33333333333333
"S083",36.7053833333333,"17/08/2024","09:42:21","chrome","False","Mac OS",1440,779,"surveycircle","Male",22,"Bachelor","Psychology, Neuroscience","True","White","Australia","Heterosexual","In a relationship and not open to dating",1.71161666666667,3,0,0,3,4,5,5,3,3,4,2,4,4,5,4,3,0,3,1.46178333333333,3,5,5,6,5,5,5,5,5,4,2,2,4,"False","True","False","False","False","False","True","False","False","False","False",NA,NA,3,"",43.811,20.557,21.0219888222108,83.6363636363636,0,45.2102316934235,11.6033966033966,33.9285714285714,0,97.6792633715821,1,4,3.66666666666667,3.33333333333333,4.33333333333333,2
"S084",28.7781333333333,"17/08/2024","12:43:27","chrome","False","Windows 10",1366,607,"surveyswap","Female",27,"Bachelor","Political Science, Law","True","Prefer not to say","Vietnam","Heterosexual","In a relationship and not open to dating",1.55548333333333,5,0,0,3,6,5,2,2,0,2,2,4,3,0,5,3,6,5,0.859233333333333,4,6,4,5,3,6,3,5,4,3,4,4,3,"True","False","False","True","True","False","True","False","False","True","False",3,NA,3,"",10.492,25.051,NA,NA,NA,NA,NA,NA,NA,NA,1.66666666666667,4.66666666666667,1.33333333333333,2.66666666666667,2.66666666666667,4.66666666666667
"S085",57.9541333333333,"17/08/2024","13:39:18","chrome","False","Windows 10",1536,695,"surveycircle","Female",24,"Bachelor","Psychology, Neuroscience","True","Mixed","United Kingdom","Bisexual","In a relationship and not open to dating",1.15355,4,2,4,2,2,5,2,5,1,2,2,3,2,4,2,4,6,6,1.2511,5,5,6,5,4,6,5,5,5,6,4,5,2,"False","True","True","False","False","False","False","True","True","False","False",NA,NA,4,"",48.906,21.986,4,40,0,78.1638068635798,4.52380952380952,28.5714285714286,0,115.209947790224,3.33333333333333,3,2.66666666666667,2.33333333333333,2.66666666666667,5.33333333333333
"S086",30.0587166666667,"17/08/2024","15:09:57","chrome","False","Mac OS",1440,686,"surveyswap","Female",33,"Doctorate","Engineering, Computer Science","Prefer not to say","Southeast Asian","Thailand","Heterosexual","Single and open to dating",1.64023333333333,6,3,3,4,4,4,3,4,1,4,4,1,3,2,2,2,5,5,0.7153,6,4,5,5,4,6,2,5,4,3,4,3,3,"False","False","True","False","False","False","False","True","True","False","False",NA,NA,3,"The length of the experiment is too long considering there is no feedback given at each step.",21.867,17.993,1.35593220338983,13.5593220338983,0,98.0846791888024,0.333333333333333,3.33333333333333,0,104.086516288898,4,4,2.66666666666667,3,2.33333333333333,4
"S087",40.6598833333333,"18/08/2024","13:02:39","chrome","False","Mac OS",1488,754,"sof1","Male",55,"Bachelor","Sociology, Anthropology","False","Prefer not to say","Spain","Heterosexual","In a relationship and not open to dating",2.76426666666667,4,6,6,4,2,1,3,4,4,3,5,3,2,4,5,5,6,6,1.57595,3,6,6,6,6,6,6,5,1,6,3,1,1,"True","False","False","False","False","False","True","True","False","False","False",NA,NA,0,"",112.903,36.486,9.26271186440678,35,0,90.4122184052052,5.34745762711864,35,0,104.009711728056,5.33333333333333,2.33333333333333,3.66666666666667,3.66666666666667,3.66666666666667,5.66666666666667
"S088",42.7232333333333,"18/08/2024","18:33:09","firefox","False","Mac OS",1680,903,"sof1","Female",63,"Other","Prefer not to say","Prefer not to say","White","Spain","Heterosexual","In a relationship and not open to dating",2.84356666666667,4,6,6,2,2,4,6,6,5,3,2,3,4,4,5,6,6,6,2.66486666666667,4,5,4,5,4,5,2,3,5,4,3,3,3,"True","False","False","False","False","False","True","True","False","False","False",NA,NA,2,"I did enjoy it at first, but then got a bit tired as it was rather repetitive – but it was interesting!",39.982,24.342,20,100,0,0.0326961311135744,20,100,0,0.0468558634407164,5.33333333333333,2.66666666666667,5.66666666666667,2.66666666666667,4.33333333333333,6
"S089",37.2944666666667,"18/08/2024","20:29:17","chrome","False","Mac OS",1440,813,"sof1","Male",22,"High school","Prefer not to say","True","Hispanic/Latino","Spain","Heterosexual","In a relationship and not open to dating",1.37571666666667,0,6,6,4,2,2,6,5,6,5,5,5,5,5,5,5,6,6,1.10968333333333,4,4,3,4,3,2,3,3,4,5,4,3,1,"False","True","False","False","False","False","True","False","False","False","False",NA,NA,3,"",60.365,48.036,8.36158192090396,28.3333333333333,0,95.69014867405,18.6638418079096,33.8983050847458,0,96.7762231180401,4,2.66666666666667,5.66666666666667,5,5,5.66666666666667
"S090",54.0589333333333,"19/08/2024","11:52:42","chrome","True","Android OS",979,1812,"sof1","Female",58,"Bachelor","Arts and Humanities","False","Mixed","Spain","Heterosexual","Single and not open to dating",3.5171,3,4,5,6,0,6,5,6,3,5,5,1,0,2,0,2,6,6,1.56598333333333,1,5,6,5,5,6,6,6,0,6,6,5,0,"True","False","False","False","False","False","False","False","False","False","False",NA,NA,4,"Tedioso ",125.212,62.817,1.91666666666667,12.5,0,111.78417307721,1.21323529411765,6.25,0,176.560696384194,4,4,4.66666666666667,3.66666666666667,0.666666666666667,4.66666666666667
"S092",61.7733666666667,"19/08/2024","19:05:54","safari","False","Mac OS",1024,1259,"sof1","Male",61,"Doctorate","Literature, Languages","Prefer not to say","Black","Spain","Heterosexual","In a relationship and not open to dating",6.49395,6,6,6,0,5,3,5,3,2,3,3,3,5,4,5,2,6,6,3.89736666666667,4,4,3,6,3,3,3,3,4,4,2,3,4,"True","False","False","True","False","False","False","False","False","True","False",2,NA,3,"",68.403,52.553,3.9333722969024,20.6896551724138,0,63.7149344588053,3.04022988505747,18.3333333333333,0,49.5795791905231,6,2.66666666666667,3.33333333333333,3,4.66666666666667,4.66666666666667
"S093",38.5437666666667,"20/08/2024","19:56:58","ios","True","iOS",980,1716,"sof1","Female",22,"Bachelor","Other","False","White","United Kingdom","Heterosexual","Single and open to dating",1.70173333333333,1,6,6,4,4,6,3,2,4,2,3,4,3,2,3,4,4,4,1.06318333333333,4,3,4,2,1,5,1,2,5,3,4,6,5,"True","False","False","True","False","False","False","False","False","False","False",NA,NA,3,"",34.246,22.559,0.517241379310345,5.17241379310345,0,203.524143510676,0.344827586206897,3.44827586206897,0,297.99267893786,4.33333333333333,4.66666666666667,3,3,2.66666666666667,4
"S094",35.57745,"20/08/2024","20:06:20","ios","True","iOS",980,1568,"sof1","Female",22,"Bachelor","Arts and Humanities","False","White","United Kingdom","Bisexual","Single and open to dating",1.54055,1,6,6,6,6,6,4,5,5,3,2,3,2,3,0,4,4,6,0.954816666666667,3,3,4,6,3,4,3,4,5,2,3,0,2,"True","False","False","False","False","False","True","False","False","False","True",NA,3,4,"",35.816,18.254,0,0,0,30.1409340476747,0,0,0,10.2931909334199,4.33333333333333,6,4.66666666666667,2.66666666666667,1.66666666666667,4.66666666666667
"S095",49.3432,"20/08/2024","20:14:18","ios","True","iOS",980,1640,"sof1","Female",20,"High school","Prefer not to say","True","White","United Kingdom","Homosexual","Single and open to dating",4.4167,6,6,6,1,2,2,3,5,4,5,4,4,2,5,3,4,5,4,3.05121666666667,1,4,5,6,5,6,2,5,4,1,2,2,3,"True","False","False","False","False","False","True","False","False","False","False",NA,NA,3,"",88.512,61.531,0,0,0,769.58099189869,0,0,0,659.626874862532,6,1.66666666666667,4,4.33333333333333,3.33333333333333,4.33333333333333
"S096",36.0174,"20/08/2024","20:59:46","ios","True","iOS",980,1701,"sof1","Female",22,"Bachelor","Biology, Chemistry, Physics","True","White","United Kingdom","Heterosexual","Single and not open to dating",0.9422,5,2,3,6,4,6,2,1,2,2,3,2,4,5,6,3,5,4,0.692983333333333,2,5,5,5,2,6,4,4,4,3,3,3,3,"True","False","False","False","False","False","True","True","False","True","False",3,NA,2,"I am now not convinced I know what a real person is",73.119,29.849,0.517241379310345,3.44827586206897,0,232.660894029134,0.172413793103448,1.72413793103448,0,1001.13385340439,3.33333333333333,5.33333333333333,1.66666666666667,2.33333333333333,5,4
"S097",34.6394333333333,"20/08/2024","21:52:48","chrome","True","Android OS",980,1724,"sof1","Female",20,"High school","Prefer not to say","True","White","United Kingdom","Heterosexual","Single and not open to dating",3.73875,4,6,6,6,5,6,1,0,0,3,4,6,4,5,4,1,4,6,1.70841666666667,2,4,4,4,4,5,4,4,4,4,1,4,3,"True","False","False","False","False","False","False","True","False","False","False",NA,NA,3,"",46.917,27.242,0,0,0,151.667357503663,2.63157894736842,21.0526315789474,0,163.425291250581,5.33333333333333,5.66666666666667,0.333333333333333,4.33333333333333,4.33333333333333,3.66666666666667
"S098",51.4884,"20/08/2024","22:02:44","ios","True","iOS",980,1707,"sof1","Male",23,"Bachelor","Engineering, Computer Science","True","South Asian","United Kingdom","Heterosexual","Single and not open to dating",1.98118333333333,5,3,3,1,3,2,4,5,4,3,4,5,5,3,5,3,2,2,1.49338333333333,3,4,4,4,2,4,3,4,3,5,5,2,4,"True","False","False","False","False","False","False","False","False","False","False",NA,NA,2,"",27.237,9.488,0,0,0,763.228281039147,0.588235294117647,2.94117647058824,0,240.35758988642,3.66666666666667,2,4.33333333333333,4,4.33333333333333,2.33333333333333
"S100",36.6729666666667,"21/08/2024","19:54:30","chrome","False","Windows 10",1567,946,"sof1","Female",61,"Master","Other","False","White","Prefer not to say","Heterosexual","In a relationship and not open to dating",2.47965,6,6,6,3,3,5,4,6,4,2,3,1,6,4,5,2,6,4,1.47241666666667,3,4,3,4,3,3,2,3,3,4,4,3,1,"True","False","False","False","False","False","True","True","False","False","False",NA,NA,3,"Stressful! 
But interesting :)",60.832,39.169,5.11416325735437,27.1186440677966,0,121.463791861505,1.33333333333333,11.6666666666667,0,140.872926821179,6,3.66666666666667,4.66666666666667,2,5,4
"S101",46.5392333333333,"21/08/2024","20:38:47","firefox","False","Windows 10",1280,559,"sof1","Female",68,"Doctorate","Other","Prefer not to say","White","Australia","Heterosexual","Single and not open to dating",2.67228333333333,6,5,5,2,1,4,5,5,5,2,4,2,6,5,5,5,6,6,2.36863333333333,4,2,6,5,5,6,5,5,1,6,1,2,4,"True","False","False","False","False","False","True","False","False","False","False",NA,NA,1,"",60.636,22.556,20,100,0,0.350035712463744,20,100,0,0.22574321695236,5.33333333333333,2.33333333333333,5,2.66666666666667,5.33333333333333,5.66666666666667
"S102",42.7606666666667,"22/08/2024","14:46:00","firefox","False","Windows 10",1280,587,"sof1","Male",24,"Bachelor","Biology, Chemistry, Physics","True","White","United Kingdom","Heterosexual","Single and open to dating",2.35786666666667,4,5,6,3,5,5,5,6,4,6,5,5,3,4,2,6,5,5,1.56896666666667,1,4,4,5,5,6,4,5,4,5,1,4,3,"True","False","False","False","False","False","False","True","False","False","False",NA,NA,4,"I really started second guessing myself on that last section it was really interesting!",76.41,21.316,20,100,0,0.00975609756097526,20,100,0,0.0106382978723411,5,4.33333333333333,5,5.33333333333333,3,5.33333333333333
"S105",58.33385,"23/08/2024","17:13:48","chrome","False","Mac OS",1440,779,"sof1","Male",60,"Doctorate","Mathematics, Physics","Prefer not to say","Hispanic/Latino","Spain","Heterosexual","In a relationship and not open to dating",4.76206666666667,5,6,5,4,1,4,3,5,1,2,5,2,2,5,1,4,3,5,3.4892,2,6,2,6,6,4,5,6,1,5,3,2,1,"True","False","False","False","False","False","True","False","False","False","False",NA,NA,4,"",111.487,37.998,8.4444977874259,26.7857142857143,0,85.1280838056013,1.52955665024631,10,0,77.3106790316792,5.33333333333333,3,3,3,2.66666666666667,4
"S107",34.8507,"24/08/2024","00:37:41","safari","False","Mac OS",1440,704,"sof1","Female",26,"Bachelor","Psychology, Neuroscience","False","White","Portugal","Heterosexual","Single and open to dating",1.52796666666667,5,4,3,4,4,6,5,4,4,5,4,5,3,4,1,4,4,4,1.25311666666667,2,4,4,5,3,5,2,4,6,6,3,5,3,"True","False","False","False","False","False","False","True","False","False","False",NA,NA,4,"",41.881,21.844,7.93103448275862,41.3793103448276,0,89.2739241566011,2.06896551724138,12.0689655172414,0,152.286610173904,4,4.66666666666667,4.33333333333333,4.66666666666667,2.66666666666667,4
"S108",25.7327,"26/08/2024","15:14:32","chrome","False","Chrome OS",1366,599,"surveyswap","Male",14,"Other","Prefer not to say","Prefer not to say","White","United States","Heterosexual","",0.989916666666667,4,3,3,4,4,5,2,3,2,3,3,3,2,3,4,3,2,2,0.74695,5,2,4,3,2,4,2,2,4,2,1,2,2,"True","False","False","True","False","False","False","False","False","False","False",NA,NA,2,"",23.744,19.037,3.04347826086956,13.0434782608696,0,100.115197852089,4.00065876152833,17.7777777777778,0,117.691015151613,3.33333333333333,4.33333333333333,2.33333333333333,3,3,2.33333333333333
"S109",55.8361833333333,"29/08/2024","10:59:05","chrome","False","Windows 10",960,961,"surveycircle","Female",33,"Master","Psychology, Neuroscience","False","White","United Kingdom","Heterosexual","In a relationship and not open to dating",1.08428333333333,6,6,6,6,6,6,2,2,1,0,0,6,6,2,0,6,6,6,2.94746666666667,4,4,4,4,0,4,0,4,6,4,4,1,6,"True","False","False","False","False","False","False","True","False","False","False",NA,NA,1,"",11.974,13.585,NA,NA,NA,NA,NA,NA,NA,NA,6,6,1.66666666666667,2,2.66666666666667,6
"S110",26.6332333333333,"29/08/2024","11:10:40","safari","False","Mac OS",1710,989,"surveycircle","Female",16,"Elementary school","Prefer not to say","Prefer not to say","East Asian","Japan","Bisexual","Single and open to dating",1.07696666666667,5,2,3,4,2,4,5,4,2,6,1,1,2,2,2,4,4,6,0.671933333333333,1,5,5,4,3,4,4,3,4,5,4,3,4,"True","False","False","False","False","False","True","False","False","False","False",NA,NA,2,"",6.697,11.505,3.41613091759205,8.62068965517241,0,152.948644126165,0.677966101694915,6.77966101694915,0,187.276817524094,3.33333333333333,3.33333333333333,3.66666666666667,2.66666666666667,2,4.66666666666667
"S111",36.4356166666667,"31/08/2024","17:41:36","chrome","False","Windows 10",1368,751,"surveyswap","Female",23,"Bachelor","Business, Economics","True","Prefer not to say","Switzerland","Heterosexual","Single and open to dating",2.07418333333333,5,5,5,5,4,5,3,5,5,2,3,4,5,5,6,4,1,6,1.37826666666667,4,3,3,5,4,4,4,2,2,5,4,1,3,"False","False","False","False","False","False","True","False","False","True","False",3,NA,3,"",83.674,27.637,2.41097308488613,11.9047619047619,0,125.350242187458,2.60747004933051,13.953488372093,0,127.318432331462,5,4.66666666666667,4.33333333333333,3,5.33333333333333,3.66666666666667
"S112",36.3867333333333,"03/09/2024","20:28:50","firefox","False","Windows 10",1280,587,"surveycircle","Female",50,"Bachelor","Business, Economics","False","White","Canada","Heterosexual","In a relationship and not open to dating",1.60078333333333,6,6,6,1,4,0,6,6,6,6,4,6,6,6,6,6,6,3,1.20771666666667,3,6,0,6,6,0,3,6,2,6,6,0,0,"False","True","False","False","False","False","False","True","False","False","False",NA,NA,3,"",78.133,36.639,20,100,0,0.0112938487863171,20,100,0,0.00735413409341316,6,1.66666666666667,6,5.33333333333333,6,5
"S113",25.3285166666667,"03/09/2024","20:31:07","chrome","False","Mac OS",1440,731,"surveycircle","Female",35,"Bachelor","Arts and Humanities","True","White","Denmark","Heterosexual","In a relationship and not open to dating",1.67305,2,6,6,2,2,5,1,4,0,4,4,1,5,5,3,4,3,6,0.9685,5,2,6,5,3,5,6,4,4,6,5,4,6,"True","False","False","False","False","False","True","False","False","False","False",NA,NA,2,"",5.88,5.851,NA,NA,NA,NA,NA,NA,NA,NA,4.66666666666667,3,1.66666666666667,3,4.33333333333333,4.33333333333333
"S114",30.8857666666667,"08/09/2024","14:26:21","chrome","False","Windows 10",1536,738,"surveycircle","Female",23,"Bachelor","Engineering, Computer Science","True","South Asian","Pakistan","Homosexual","Single and not open to dating",1.83388333333333,2,4,5,2,2,5,3,1,2,5,5,4,3,3,2,4,3,5,1.06715,3,3,4,5,4,5,3,4,2,5,4,3,4,"False","True","False","True","False","False","False","False","False","False","False",NA,NA,3,"",9.541,14.45,NA,NA,NA,NA,NA,NA,NA,NA,3.66666666666667,3,2,4.66666666666667,2.66666666666667,4
"S116",34.0907333333333,"09/09/2024","14:04:24","firefox","False","Windows 10",1600,739,"surveycircle","Female",49,"Master","Psychology, Neuroscience","True","Prefer not to say","France","Heterosexual","In a relationship and not open to dating",2.15695,0,6,6,4,1,1,6,5,5,2,2,6,6,6,6,4,5,5,1.66936666666667,4,4,4,4,1,5,5,4,1,4,1,4,2,"True","False","False","False","False","False","True","False","False","False","False",NA,NA,2,"",36.143,25.494,20,100,0,0.0107804920233009,20,100,0,0.0975464305981945,4,2,5.33333333333333,3.33333333333333,6,4.66666666666667
"S117",25.9205166666667,"10/09/2024","17:41:38","edge-chromium","False","Windows 10",1358,618,"surveycircle","Female",36,"Doctorate","Sociology, Anthropology","Prefer not to say","White","United States","Heterosexual","In a relationship and not open to dating",0.937166666666667,2,5,4,4,5,5,3,5,2,3,3,4,3,4,2,6,6,6,1.02793333333333,5,6,6,6,2,6,5,1,2,5,5,2,1,"True","False","False","False","False","False","True","False","False","False","False",NA,NA,2,"I chose 0 for all my confidence ratings because I really can't tell what's AI and not... ",16.967,12.393,5.95217917675545,23.728813559322,0,72.3631865153626,11.9774011299435,23.728813559322,0,90.8358325243326,3.66666666666667,4.66666666666667,3.33333333333333,3.33333333333333,3,6
"S118",25.4009166666667,"16/09/2024","19:56:07","chrome","False","Windows 10",1536,695,"surveycircle","Male",32,"Master","Business, Economics","False","Prefer not to say","Prefer not to say","Homosexual","Single and open to dating",1.30135,0,4,4,3,1,5,0,0,1,3,4,2,0,0,0,3,0,0,0.867483333333333,5,5,6,4,5,6,4,5,5,6,6,5,5,"False","True","False","False","False","False","True","True","False","False","False",NA,NA,0,"too lengthy",42.014,31.304,NA,NA,NA,NA,NA,NA,NA,NA,2.66666666666667,3,0.333333333333333,3,0,1
"S119",35.69385,"17/09/2024","13:48:55","chrome","False","Android OS",1334,665,"surveycircle","Female",24,"Bachelor","Other","True","White","Portugal","Heterosexual","Single and open to dating",3.19606666666667,6,2,4,6,5,0,0,6,4,4,5,6,6,6,6,6,5,0,1.9692,4,5,0,6,5,0,4,5,0,1,5,0,0,"True","False","False","False","False","False","True","False","False","False","False",NA,NA,2,"",16.476,7.764,0,0,0,134.252325812615,2.49299719887955,19.047619047619,0,227.203204597882,4,3.66666666666667,3.33333333333333,5,6,3.66666666666667
"S121",23.48055,"17/09/2024","18:57:14","chrome","False","Windows 10",1280,593,"surveycircle","Male",25,"Master","Business, Economics","True","Southeast Asian","Italy","Bisexual","In a relationship and not open to dating",0.523733333333333,5,1,2,2,5,4,2,3,3,3,3,3,1,1,2,0,4,5,0.254633333333333,5,3,3,4,5,5,5,5,5,5,4,4,5,"True","False","False","False","False","False","False","False","False","False","False",NA,NA,2,"too any pics",5.756,3.65,5.24361259655377,21.2121212121212,0,201.24661119725,2.81267850163846,18.75,0,123.0064852291,2.66666666666667,3.66666666666667,2.66666666666667,3,1.33333333333333,3
"S123",32.40035,"13/11/2024","14:29:31","ios","True","iOS",980,1701,"SONA","Female",20,"High school","Prefer not to say","Prefer not to say","White","United Kingdom","Heterosexual","Single and open to dating",1.43555,6,6,6,6,1,5,1,1,1,2,3,0,6,3,3,4,0,3,1.02921666666667,4,6,6,6,3,6,6,4,0,1,0,2,2,"True","False","False","True","False","False","True","False","False","False","False",NA,NA,0,"",11.179,16.081,NA,NA,NA,NA,NA,NA,NA,NA,6,4,1,1.66666666666667,4,2.33333333333333
"S124",27.157,"13/11/2024","20:26:56","safari","False","Mac OS",1194,727,"SONA","Female",18,"High school","Prefer not to say","True","South Asian","United Kingdom","Heterosexual","In a relationship and not open to dating",1.15081666666667,2,4,2,5,5,5,5,5,5,3,1,3,2,4,1,3,5,5,0.70785,4,6,4,5,0,6,2,2,4,1,3,4,5,"True","False","False","False","False","False","False","True","False","True","False",3,NA,4,"",20.708,9.871,2.37872589129164,11.864406779661,0,77.7008751496568,1.87609585037989,6.89655172413793,0,129.377415995997,2.66666666666667,5,5,2.33333333333333,2.33333333333333,4.33333333333333
"S127",42.3996333333333,"15/11/2024","15:17:21","edge-chromium","False","Windows 10",1272,594,"SONA","Female",19,"Bachelor","Psychology, Neuroscience","True","White","United Kingdom","Bisexual","In a relationship and not open to dating",2.9976,5,5,3,3,2,5,4,4,3,1,3,1,4,1,1,5,1,1,1.9384,4,4,3,3,3,4,4,4,4,5,5,4,5,"False","False","True","False","False","False","True","True","False","False","False",NA,NA,3,"",43.558,12.926,0,0,0,53.8793513496579,0,0,0,66.4962954078924,4.33333333333333,3.33333333333333,3.66666666666667,1.66666666666667,2,2.33333333333333
"S128",33.2183666666667,"15/11/2024","22:36:42","crios","True","iOS",980,631,"SONA","Female",18,"High school","Prefer not to say","True","South Asian","United Kingdom","Homosexual","Single and open to dating",1.42091666666667,2,1,2,5,5,6,2,3,1,2,2,2,3,1,0,0,6,6,1.01553333333333,4,5,5,4,1,5,1,1,2,5,4,1,1,"True","False","False","True","False","False","False","False","False","False","False",NA,NA,4,"",132.046,8.226,0.357142857142857,3.57142857142857,0,139.271592335005,0,0,0,481.79491221176,1.66666666666667,5.33333333333333,2,2,1.33333333333333,4
"S130",56.35495,"16/11/2024","13:48:11","chrome","False","Windows 10",948,584,"SONA","Female",19,"High school","Prefer not to say","True","White","United Kingdom","Homosexual","Single and not open to dating",3.24515,2,6,5,4,0,4,4,2,2,1,2,2,2,2,1,5,4,4,1.78616666666667,2,4,3,4,2,2,2,5,6,4,3,3,2,"False","True","False","False","False","False","False","True","False","False","False",NA,NA,2,"",109.458,61.566,14.2838085863402,30.5084745762712,0,49.9449238822142,13.8416048552843,40.3508771929825,0,76.4688903513309,4.33333333333333,2.66666666666667,2.66666666666667,1.66666666666667,1.66666666666667,4.33333333333333
"S131",45.3781666666667,"16/11/2024","17:15:14","chrome","False","Mac OS",1385,747,"SONA","Female",20,"Bachelor","Psychology, Neuroscience","True","Mixed","United Kingdom","Bisexual","Single and open to dating",2.40058333333333,3,3,3,4,4,4,3,5,5,2,4,3,3,4,2,5,4,6,1.24141666666667,3,5,6,5,4,6,3,4,3,3,2,2,2,"True","False","False","False","False","False","False","True","False","False","False",NA,NA,2,"the beauty measure was confusing because I did not know weather I was supposed to put my objective opinion on beauty or rate based on what society typically deems as beauty. ",66.432,38.17,14.1471079803542,45.7627118644068,0,74.1552277680583,4.52632640924345,30,0,115.308796916169,3,4,4.33333333333333,3,3,5
"S132",52.1817666666667,"16/11/2024","17:53:32","safari","False","Mac OS",1440,820,"SONA","Female",19,"High school","Prefer not to say","True","White","United Kingdom","Homosexual","Single and open to dating",1.31898333333333,5,2,5,5,2,5,1,0,2,2,2,2,1,2,3,4,6,6,1.33355,2,3,4,2,4,4,2,4,5,3,2,3,4,"True","False","False","False","False","False","False","False","False","False","True",NA,3,2,"",39.082,15.45,2.24137931034483,17.2413793103448,0,121.278083656478,7.75862068965517,20.6896551724138,0,125.285475705955,4,4,1,2,2,5.33333333333333
"S133",31.9325,"16/11/2024","21:22:21","chrome","False","Mac OS",712,779,"SONA","Female",19,"Bachelor","Psychology, Neuroscience","True","White","United Kingdom","Heterosexual","Single and open to dating",1.37695,5,3,4,5,2,5,1,0,1,4,3,4,4,3,4,4,3,5,1.09613333333333,3,4,5,3,4,4,5,4,1,3,3,5,2,"True","False","False","True","False","False","False","True","False","False","False",NA,NA,2,"",15.361,14.302,9.39298677728805,32.7586206896552,0,68.3054529586154,12.8767546423042,41.3793103448276,0,86.0589770923224,4,4,0.666666666666667,3.66666666666667,3.66666666666667,4
"S134",39.05575,"16/11/2024","22:24:59","safari","False","Mac OS",1470,840,"SONA","Female",20,"High school","Prefer not to say","True","White","United Kingdom","Bisexual","In a relationship and not open to dating",1.96548333333333,6,0,0,6,6,6,6,0,6,0,0,0,0,0,0,6,6,6,5.36216666666667,3,6,6,6,6,6,3,6,0,6,6,6,6,"True","False","False","False","True","False","False","False","False","False","False",NA,NA,2,"",36.444,29.25,0,0,0,0.0258620689655189,0,0,0,0,2,6,4,0,0,6
"S135",25.21295,"16/11/2024","23:28:10","ios-webview","False","Mac OS",1366,886,"SONA","Female",19,"High school","Prefer not to say","True","White","United Kingdom","Bisexual","Single and open to dating",0.928966666666667,1,2,2,5,4,6,4,5,4,1,1,1,5,5,5,5,1,5,0.499683333333333,4,5,5,4,5,5,5,5,4,4,3,3,4,"True","False","False","False","False","False","False","False","False","False","False",NA,NA,0,"Too long and difficult to maintain concentration - but an interesting topic !",14.894,9.353,5.93220338983051,18.6440677966102,0,89.4080670618755,0.172413793103448,1.72413793103448,0,184.268064455729,1.66666666666667,5,4.33333333333333,1,5,3.66666666666667
"S136",32.69315,"17/11/2024","03:17:03","chrome","False","Mac OS",1440,778,"SONA","Female",18,"High school","Prefer not to say","True","Prefer not to say","United Kingdom","Heterosexual","Single and open to dating",1.4184,6,3,2,5,6,6,1,3,4,2,4,0,2,1,0,3,4,2,0.967233333333333,0,5,4,4,5,6,4,5,4,4,6,3,5,"True","False","False","False","False","False","True","False","False","False","False",NA,NA,1,"",6.68,29.22,0,0,0,90.7474126595914,7.28813559322034,47.4576271186441,0,133.962907649685,3.66666666666667,5.66666666666667,2.66666666666667,2,1,3
"S137",42.3613333333333,"17/11/2024","16:30:04","chrome","False","Mac OS",1314,704,"SONA","Female",21,"Bachelor","Psychology, Neuroscience","True","White","United Kingdom","Heterosexual","Single and open to dating",1.79101666666667,5,3,6,6,2,6,0,0,0,1,1,5,1,3,1,4,6,6,1.36721666666667,1,3,5,3,3,6,2,3,6,1,3,4,3,"True","False","False","False","False","False","False","True","False","False","False",NA,NA,4,"",42.697,42.258,9.33452274754683,35.5932203389831,0,74.7079739592189,3.3728813559322,16.9491525423729,0,57.8610313556126,4.66666666666667,4.66666666666667,0,2.33333333333333,1.66666666666667,5.33333333333333
"S138",48.6515166666667,"17/11/2024","16:56:34","chrome","False","Windows 10",1536,730,"SONA","Female",19,"High school","Prefer not to say","True","White","Prefer not to say","Homosexual","Single and not open to dating",1.94736666666667,5,6,6,3,1,6,2,0,5,1,1,4,3,4,4,5,6,6,1.65481666666667,1,5,1,5,5,5,5,4,1,4,3,3,2,"True","False","False","False","False","False","True","False","False","False","False",NA,NA,4,"",78.461,36.064,1.52298850574713,6.66666666666667,0,78.9909030093124,10.9865712738106,35.0877192982456,0,91.7191187133639,5.66666666666667,3.33333333333333,2.33333333333333,2,3.66666666666667,5.66666666666667
"S140",40.6377333333333,"17/11/2024","18:16:19","chrome","False","Windows 10",1280,585,"SONA","Female",19,"Bachelor","Psychology, Neuroscience","True","White","United Kingdom","Heterosexual","Single and open to dating",2.59528333333333,5,1,5,1,1,5,2,4,2,2,5,1,3,4,5,2,1,5,1.51955,2,2,4,3,1,3,4,4,4,4,3,4,4,"True","False","False","False","False","False","False","False","True","False","False",NA,NA,2,"",23.299,7.208,22.9369588744589,54.5454545454545,0,40.0333326829146,24.4554075703269,63.6363636363636,0,51.2029458098687,3.66666666666667,2.33333333333333,2.66666666666667,2.66666666666667,4,2.66666666666667
"S141",102.9992,"18/11/2024","11:10:39","safari","False","Mac OS",1224,778,"SONA","Female",40,"High school","Prefer not to say","True","White","United Kingdom","Heterosexual","In a relationship and not open to dating",4.33465,0,6,6,2,5,4,1,4,2,5,3,4,3,5,4,6,3,6,2.58091666666667,4,6,6,6,5,6,6,4,5,6,3,4,2,"False","False","False","True","False","False","True","False","False","False","False",NA,NA,1,"",79.365,34.444,13.448275862069,34.4827586206897,0,82.4972994446103,10.1724137931034,36.2068965517241,0,123.030269012717,4,3.66666666666667,2.33333333333333,4,4,5
"S142",38.04285,"18/11/2024","11:56:50","chrome","False","Windows 10",1280,665,"SONA","Female",19,"High school","Prefer not to say","True","White","United Kingdom","Heterosexual","In a relationship and not open to dating",1.981,4,2,4,5,6,5,3,2,4,2,4,3,4,4,2,3,1,4,2.47418333333333,3,5,5,5,4,4,2,3,4,3,3,2,2,"True","False","False","False","False","False","True","False","False","False","False",NA,NA,0,"",14.226,8.829,4.96767924351595,20,0,96.0516654010354,6.91399789921855,18,0,123.711780829627,3.33333333333333,5.33333333333333,3,3,3.33333333333333,2.66666666666667
"S143",62.2527666666667,"18/11/2024","19:48:36","edge-chromium","False","Windows 10",1528,704,"SONA","Female",20,"High school","Prefer not to say","True","White","United Kingdom","Heterosexual","In a relationship and not open to dating",15.2843666666667,5,6,5,6,5,5,2,5,2,0,1,5,6,5,4,6,3,6,2.78806666666667,6,5,6,6,4,6,5,5,6,0,6,5,4,"False","True","False","False","False","False","False","True","False","False","False",NA,NA,1,"",41.758,47.124,NA,NA,NA,NA,NA,NA,NA,NA,5.33333333333333,5.33333333333333,3,2,5,5
"S144",46.27195,"19/11/2024","11:53:39","chrome","False","Windows 10",1280,712,"SONA","Female",19,"High school","Prefer not to say","True","White","United Kingdom","Bisexual","Single and open to dating",2.95155,5,5,5,4,3,4,4,5,4,2,3,3,3,4,1,4,5,4,1.6934,3,2,4,4,3,4,4,3,3,4,3,3,4,"True","False","False","False","False","False","True","False","False","False","False",NA,NA,2,"",84.489,20.53,3.73796999805182,16.9491525423729,0,111.854722935935,4.54802259887006,20.3389830508475,0,127.750982737857,5,3.66666666666667,4.33333333333333,2.66666666666667,2.66666666666667,4.33333333333333
"S145",36.3044333333333,"19/11/2024","13:42:07","edge-chromium","False","Windows 10",1528,738,"SONA","Female",18,"Bachelor","Psychology, Neuroscience","True","White","United Kingdom","Bisexual","Single and open to dating",1.9525,1,4,2,4,5,5,4,4,4,1,1,4,3,2,2,1,5,6,1.00051666666667,4,5,5,4,4,4,3,4,4,4,2,5,5,"True","False","False","False","False","False","False","False","False","False","False",NA,NA,1,"",35.632,11.002,19.1644365150164,52.6315789473684,0,61.2224266405785,4.87317358270018,30,0,223.168091688393,2.33333333333333,4.66666666666667,4,2,2.33333333333333,4
"S147",27.0504166666667,"19/11/2024","17:33:45","chrome","False","Mac OS",1710,981,"SONA","Female",19,"Bachelor","Psychology, Neuroscience","True","Southeast Asian","United Kingdom","Heterosexual","In a relationship and not open to dating",1.1722,3,3,4,6,5,6,0,0,2,1,2,2,1,0,0,2,5,6,0.592316666666667,4,3,4,6,6,4,2,4,5,4,4,4,4,"True","False","False","False","False","False","False","True","True","False","False",NA,NA,1,"",23.821,11.773,0,0,0,79.40950898574,0,0,0,150.72001812716,3.33333333333333,5.66666666666667,0.666666666666667,1.66666666666667,0.333333333333333,4.33333333333333
"S148",40.8645,"20/11/2024","10:46:53","opera","False","Mac OS",1471,779,"SONA","Female",20,"High school","Prefer not to say","True","White","United Kingdom","Bisexual","In a relationship and not open to dating",1.63635,6,4,5,4,1,4,5,6,6,2,3,4,2,3,4,5,2,5,0.795016666666667,0,5,5,4,5,5,4,5,4,4,4,5,4,"True","False","False","False","False","False","False","True","False","False","False",NA,NA,2,"",65.34,21.344,NA,NA,NA,NA,NA,NA,NA,NA,5,3,5.66666666666667,3,3,4
"S149",36.5530666666667,"20/11/2024","12:36:27","chrome","False","Windows 10",1536,730,"SONA","Female",20,"High school","Prefer not to say","True","White","United Kingdom","Bisexual","Single and open to dating",1.78345,4,2,1,3,6,5,4,2,2,3,3,2,0,2,1,3,6,6,1.44605,4,5,4,5,3,5,4,4,6,4,3,5,4,"True","False","False","False","False","False","False","False","False","False","False",NA,NA,4,"",36.072,28.505,5.76315789473684,52.6315789473684,0,98.9699012926048,4.17186417186417,28.2051282051282,0,94.2059078370689,2.33333333333333,4.66666666666667,2.66666666666667,2.66666666666667,1,5
"S150",46.3723833333333,"20/11/2024","15:05:51","safari","False","Mac OS",1710,989,"SONA","Female",19,"High school","Prefer not to say","True","White","United Kingdom","Bisexual","In a relationship and not open to dating",1.59531666666667,2,6,5,3,2,3,4,0,2,0,3,2,4,2,4,4,0,4,1.21596666666667,3,3,5,4,3,5,3,3,4,4,4,3,3,"False","True","True","False","False","False","False","True","False","False","False",NA,NA,4,"",4.908,4.95,0,0,0,122.146040045261,4.48275862068966,17.2413793103448,0,216.113717873063,4.33333333333333,2.66666666666667,2,1.66666666666667,3.33333333333333,2.66666666666667
"S151",204.643966666667,"26/11/2024","14:11:40","chrome","False","Mac OS",1440,778,"SONA","Female",20,"High school","Prefer not to say","True","White","United Kingdom","Heterosexual","In a relationship and not open to dating",3.02205,4,5,5,4,5,5,3,5,3,1,3,4,4,4,5,5,6,6,1.23143333333333,2,3,4,4,3,6,3,5,4,2,1,5,5,"True","False","False","False","False","False","False","True","False","False","False",NA,NA,2,"",50.119,15.604,7.28852510317041,28.2608695652174,0,87.8487698487552,2.16440422322775,12.8205128205128,0,89.201444565515,4.66666666666667,4.66666666666667,3.66666666666667,2.66666666666667,4.33333333333333,5.66666666666667
"S153",30.9508666666667,"26/11/2024","21:41:31","safari","False","Mac OS",1470,839,"SONA","Female",19,"High school","Prefer not to say","True","White","United Kingdom","Bisexual","Single and open to dating",1.45088333333333,6,6,5,6,4,6,1,1,0,0,5,6,2,6,1,6,0,0,1.09996666666667,2,4,6,1,2,6,2,2,6,0,0,5,5,"False","True","False","True","False","False","False","True","False","False","False",NA,NA,4,"",13.474,5.491,2.58620689655172,12.0689655172414,0,230.090486385463,2.07803992740472,8.62068965517241,0,325.353298478756,5.66666666666667,5.33333333333333,0.666666666666667,3.66666666666667,3,2
"S154",41.0071166666667,"27/11/2024","12:33:08","chrome","False","Windows 10",1280,585,"SONA","Female",19,"High school","Prefer not to say","True","White","United Kingdom","Heterosexual","Single and open to dating",2.6124,3,6,4,4,3,6,2,3,1,3,0,5,2,2,4,6,6,6,3.14625,5,4,4,3,2,4,5,1,1,3,1,2,1,"True","False","False","False","False","False","True","False","False","False","False",NA,NA,2,"",15.333,29.553,11.9425492427738,38.3333333333333,0,68.071783461551,3.9187609585038,22.0338983050847,0,119.888716242148,4.33333333333333,4.33333333333333,2,2.66666666666667,2.66666666666667,6
"S155",46.5535,"27/11/2024","21:32:55","chrome","False","Mac OS",1026,873,"SONA","Female",19,"High school","Prefer not to say","True","White","United Kingdom","Homosexual","In a relationship and not open to dating",3.08956666666667,1,6,5,2,5,4,5,4,5,2,1,3,2,5,1,5,2,2,1.51768333333333,1,3,3,5,2,4,3,4,5,3,2,5,5,"True","False","False","False","False","False","False","True","False","False","False",NA,NA,4,"",86.953,33.875,4.70338983050847,22.0338983050847,0,99.7450108808959,1.34463276836158,5.08474576271187,0,160.830210679161,4,3.66666666666667,4.66666666666667,2,2.66666666666667,3
"S156",39.1186833333333,"28/11/2024","17:11:12","chrome","False","Chrome OS",1706,825,"SONA","Female",20,"High school","Prefer not to say","True","White","United Kingdom","Heterosexual","In a relationship and not open to dating",2.17465,4,2,3,4,5,5,4,4,5,2,2,2,2,2,1,4,1,5,1.37221666666667,2,4,4,4,2,3,2,3,4,5,4,2,4,"False","True","False","False","False","False","True","True","False","False","False",NA,NA,1,"",40.873,19.551,1.97069597069597,10,0,99.4208771919088,0.731707317073171,7.31707317073171,0,176.197069586513,3,4.66666666666667,4.33333333333333,2,1.66666666666667,3.33333333333333
"S157",29.2978166666667,"28/11/2024","18:33:56","chrome","False","Windows 10",1280,551,"SONA","Female",18,"High school","Prefer not to say","True","South Asian","United Kingdom","Heterosexual","Single and open to dating",0.657883333333333,1,6,6,4,5,4,5,3,3,2,3,2,6,6,6,5,4,6,1.56695,3,6,4,6,6,4,2,6,4,5,3,5,5,"True","False","False","False","False","False","True","False","False","False","False",NA,NA,2,"",35.73,5.313,3.54003506721216,16.6666666666667,0,95.2520814084207,0.847652444963959,3.44827586206897,0,133.549053002991,4.33333333333333,4.33333333333333,3.66666666666667,2.33333333333333,6,5
"S158",39.2803333333333,"28/11/2024","22:59:12","safari","False","Mac OS",820,1073,"SONA","Female",18,"High school","Prefer not to say","True","White","United Kingdom","Heterosexual","Single and open to dating",3.30406666666667,5,1,3,4,4,5,4,4,4,2,4,4,4,4,4,4,2,5,2.27875,3,4,6,5,4,6,3,4,4,3,2,5,5,"True","False","True","False","False","False","False","False","False","False","False",NA,NA,2,"",73.698,16.361,4.07071887784921,27.1186440677966,0,111.509389025892,3.05376972530684,11.864406779661,0,114.054495152642,3,4.33333333333333,4,3.33333333333333,4,3.66666666666667
"S159",30.9047,"28/11/2024","23:09:23","safari","False","Mac OS",820,1073,"SONA","Female",18,"High school","Prefer not to say","True","Mixed","United Kingdom","Bisexual","Single and open to dating",1.06153333333333,1,0,3,1,2,5,4,3,4,6,5,2,2,1,3,0,0,0,0.634333333333333,1,3,2,4,4,3,2,4,6,4,3,5,5,"True","False","False","False","False","False","True","False","False","False","False",NA,NA,1,"",23.045,14.582,3.79038625201226,27.5862068965517,0,114.161075716297,3.81125226860254,10.5263157894737,0,168.506932285645,1.33333333333333,2.66666666666667,3.66666666666667,4.33333333333333,2,0
"S160",28.2747833333333,"29/11/2024","00:48:41","safari","False","Mac OS",1470,840,"SONA","Male",19,"High school","Prefer not to say","True","White","United Kingdom","Heterosexual","In a relationship and not open to dating",1.07191666666667,6,6,6,1,1,1,6,6,6,3,4,1,5,6,6,1,0,6,0.9167,1,6,3,5,0,6,1,3,6,2,3,1,2,"True","False","False","False","False","False","True","False","False","False","False",NA,NA,2,"",37.4,12.433,4.31034482758621,25.8620689655172,0,100.483757591749,8.62068965517241,22.4137931034483,0,158.236841107823,6,1,6,2.66666666666667,5.66666666666667,2.33333333333333
"S162",39.2099833333333,"30/11/2024","00:41:33","chrome","False","Mac OS",1440,812,"SONA","Female",19,"High school","Prefer not to say","True","Middle Eastern/North African","Prefer not to say","Heterosexual","In a relationship and not open to dating",2.67598333333333,2,4,2,6,4,6,5,5,4,0,1,0,5,4,5,5,6,6,0.942616666666667,5,3,3,5,5,6,3,6,5,4,4,5,6,"True","False","False","True","False","False","True","True","True","False","False",NA,NA,0,"The faces were reall scary. i felt like some of them were soul-less. :(",20.281,27.691,6.43795051626729,16.9491525423729,0,135.063984228798,1.01694915254237,5.08474576271187,0,174.181436736795,2.66666666666667,5.33333333333333,4.66666666666667,0.333333333333333,4.66666666666667,5.66666666666667
"S163",62.9917666666667,"30/11/2024","18:17:06","chrome","False","Mac OS",1280,603,"SONA","Female",43,"High school","Prefer not to say","True","White","United Kingdom","Heterosexual","In a relationship and not open to dating",1.80566666666667,3,5,5,2,3,3,4,5,2,3,3,3,3,4,3,2,3,5,1.10996666666667,3,4,4,4,3,4,3,3,4,3,2,2,3,"False","False","False","False","False","False","True","True","False","False","False",NA,NA,2,"A lot of the faces looked very odd!",581.562,21.662,5.24293785310734,22.0338983050847,0,63.8875246480553,0,0,0,70.5617035748472,4.33333333333333,2.66666666666667,3.66666666666667,3,3.33333333333333,3.33333333333333
"S166",34.59785,"02/12/2024","00:36:36","safari","False","Mac OS",1920,1120,"SONA","Female",20,"High school","Prefer not to say","True","White","United Kingdom","Bisexual","In a relationship and not open to dating",1.25595,2,1,5,1,4,6,4,5,3,1,3,4,5,5,4,5,6,6,0.673433333333333,3,1,5,2,1,6,4,2,4,3,3,4,4,"True","False","False","False","False","False","False","True","True","False","False",NA,NA,3,"",34.291,17.68,4.76621858562244,35.5932203389831,0,83.2521166797414,2.24137931034483,10.3448275862069,0,139.800507404762,2.66666666666667,3.66666666666667,4,2.66666666666667,4.66666666666667,5.66666666666667
"S167",34.181,"03/12/2024","12:14:22","safari","False","Mac OS",1440,820,"SONA","Female",20,"High school","Prefer not to say","True","White","United Kingdom","Heterosexual","In a relationship and not open to dating",1.47293333333333,4,6,5,6,5,6,3,4,5,6,2,3,5,4,0,6,0,4,1.33576666666667,3,6,6,6,3,5,3,6,6,5,3,3,5,"True","False","False","True","False","False","True","True","False","False","False",NA,NA,2,"",32.916,24.381,1.89070718877849,13.7931034482759,0,97.1126112300961,5.25423728813559,16.9491525423729,0,93.1386251263396,5,5.66666666666667,4,3.66666666666667,3,3.33333333333333
"S168",45.6358,"03/12/2024","13:10:45","edge-chromium","False","Windows 10",1612,1001,"SONA","Female",23,"High school","Prefer not to say","True","White","United Kingdom","Heterosexual","In a relationship and not open to dating",2.46071666666667,2,5,6,6,4,6,2,5,2,0,2,3,4,4,1,6,6,6,1.68613333333333,3,4,5,5,2,6,4,4,4,4,3,2,2,"True","False","False","True","False","False","False","False","False","False","False",NA,NA,3,"",63.982,22.401,3.1155303030303,18.75,0,88.4694416841772,4.19354838709677,22.5806451612903,0,106.41182316946,4.33333333333333,5.33333333333333,3,1.66666666666667,3,6
"S169",1250.1518,"03/12/2024","15:57:02","safari","False","Mac OS",1180,713,"SONA","Female",19,"High school","Prefer not to say","True","White","United Kingdom","Heterosexual","In a relationship and not open to dating",3.09308333333333,0,2,2,4,6,5,6,1,6,5,2,4,1,1,0,3,1,1,1.57821666666667,4,3,4,3,3,2,1,2,5,5,3,5,4,"True","False","False","False","False","False","False","True","False","False","False",NA,NA,4,"",8.626,16.598,3.73173582700175,13.5593220338983,0,112.749085638331,0,0,0,323.060423610143,1.33333333333333,5,4.33333333333333,3.66666666666667,0.666666666666667,1.66666666666667
"S170",42.20985,"03/12/2024","21:36:47","chrome","False","Windows 10",818,772,"SONA","Female",19,"High school","Prefer not to say","True","Black","United Kingdom","Heterosexual","Single and not open to dating",1.03798333333333,5,3,3,6,4,6,4,0,1,3,4,5,1,5,0,6,5,6,0.813583333333333,4,4,5,4,2,6,4,2,2,2,1,4,1,"True","False","False","False","False","False","False","False","False","False","True",NA,2,3,"",32.806,24.29,13.4547260360801,35.8490566037736,0,63.1325004929536,3.96457960644007,18,0,69.8896058984102,3.66666666666667,5.33333333333333,1.66666666666667,4,2,5.66666666666667
"S171",32.3813333333333,"03/12/2024","22:10:23","chrome","False","Mac OS",1440,778,"SONA","Male",22,"Bachelor","Psychology, Neuroscience","True","White","United Kingdom","Heterosexual","In a relationship and not open to dating",2.01366666666667,6,4,1,1,5,5,6,6,6,4,4,2,5,3,1,4,6,6,1.20853333333333,3,4,6,4,3,3,4,5,4,6,4,4,4,"True","False","False","False","False","False","False","True","False","False","False",NA,NA,NA,"",5.17,50.177,NA,NA,NA,NA,NA,NA,NA,NA,3.66666666666667,3.66666666666667,6,3.33333333333333,3,5.33333333333333
"S173",37.17265,"04/12/2024","17:13:54","safari","False","Mac OS",1440,820,"SONA","Female",18,"High school","Prefer not to say","True","White","United Kingdom","Heterosexual","In a relationship and not open to dating",1.7313,4,0,3,6,4,6,6,6,6,1,2,2,3,4,6,6,6,6,1.11851666666667,3,2,5,0,1,6,2,2,4,1,2,6,6,"True","False","False","False","False","False","False","True","False","True","False",2,NA,0,"",43.506,4.47,4.19786096256684,27.2727272727273,0,99.7464176281693,0.285714285714286,2.85714285714286,0,108.371793422352,2.33333333333333,5.33333333333333,6,1.66666666666667,4.33333333333333,6
"S175",24.7267333333333,"05/12/2024","01:24:16","safari","False","Mac OS",1440,820,"SONA","Female",20,"Bachelor","Psychology, Neuroscience","True","Prefer not to say","United Kingdom","Heterosexual","In a relationship and not open to dating",1.08796666666667,2,3,4,6,6,6,2,1,3,0,2,1,5,2,6,3,5,2,0.50595,5,5,6,5,5,6,3,2,3,5,0,3,3,"True","False","False","True","False","False","False","False","True","False","False",NA,NA,4,"",9.199,4.932,NA,NA,NA,NA,NA,NA,NA,NA,3,6,2,1,4.33333333333333,3.33333333333333
"S176",36.4915666666667,"05/12/2024","04:11:11","opera","False","Windows 10",2519,1296,"SONA","Male",21,"High school","Prefer not to say","True","White","United Kingdom","Heterosexual","Single and open to dating",2.28195,5,5,4,3,1,5,4,4,4,2,3,3,2,5,0,4,4,4,1.59173333333333,4,3,5,5,3,5,4,4,3,5,4,4,4,"False","True","False","True","False","False","False","True","False","False","False",NA,NA,3,"",65.261,26.759,NA,NA,NA,NA,NA,NA,NA,NA,4.66666666666667,3,4,2.66666666666667,2.33333333333333,4
"S177",46.0911166666667,"05/12/2024","05:00:20","chrome","False","Windows 10",1536,730,"SONA","Male",19,"High school","Prefer not to say","True","Black","United Kingdom","Heterosexual","In a relationship and not open to dating",1.42483333333333,2,2,1,1,3,2,3,5,2,2,2,4,6,5,1,6,3,5,1.1093,5,4,4,4,1,5,2,1,3,5,3,6,5,"True","False","False","False","False","False","False","False","False","False","False",NA,NA,3,"Debriefing of one's results.
Also, it's hard to judge someone's trustability from face alone. One would have to see their mannerisms and facial movements. I think living people instead of static images hold more beauty.",16.787,17.128,0,0,0,88.8056836264736,0,0,0,82.3649184738452,1.66666666666667,2,3.33333333333333,2.66666666666667,4,4.66666666666667
"S178",327.102683333333,"05/12/2024","19:40:03","edge-chromium","False","Windows 10",758,890,"SONA","Male",20,"High school","Prefer not to say","True","White","United Kingdom","Heterosexual","In a relationship and not open to dating",1.34943333333333,5,3,3,4,4,6,4,5,4,1,2,2,2,1,1,3,5,4,1.37783333333333,3,4,4,5,0,4,1,4,5,5,5,5,6,"True","False","False","False","False","False","False","True","False","False","False",NA,NA,4,"",29.886,5.035,3.63457042665108,10.7142857142857,0,122.976810945404,5.58824256326487,18.3333333333333,0,128.073078874471,3.66666666666667,4.66666666666667,4.33333333333333,1.66666666666667,1.33333333333333,4
"S180",23.1869166666667,"05/12/2024","21:15:22","edge-chromium","False","Windows 10",1272,641,"SONA","Female",18,"High school","Prefer not to say","True","White","United Kingdom","Bisexual","Single and open to dating",0.896333333333333,5,4,4,5,4,6,4,5,4,2,1,4,2,1,0,5,4,6,0.7106,4,5,4,5,3,5,3,4,5,4,3,3,4,"True","False","False","False","False","False","True","True","True","False","False",NA,NA,2,"",21.302,11.468,NA,NA,NA,NA,NA,NA,NA,NA,4.33333333333333,5,4.33333333333333,2.33333333333333,1,5
"S181",42.3246833333333,"05/12/2024","22:09:26","safari","False","Mac OS",1470,840,"SONA","Female",18,"High school","Prefer not to say","True","White","United Kingdom","Heterosexual","In a relationship and not open to dating",1.67411666666667,5,6,5,4,5,5,2,2,4,5,5,3,0,4,1,4,6,6,1.30368333333333,2,4,5,3,5,6,5,2,5,2,2,4,4,"True","False","False","False","False","False","True","False","False","True","False",2,NA,4,"",115.406,48.744,5.8983666061706,22.4137931034483,0,119.889719868468,1.20689655172414,8.62068965517241,0,185.144538563003,5.33333333333333,4.66666666666667,2.66666666666667,4.33333333333333,1.66666666666667,5.33333333333333
"S182",41.3071666666667,"06/12/2024","02:46:13","ios","True","iOS",712,1239,"SONA","Female",19,"Bachelor","Psychology, Neuroscience","True","Middle Eastern/North African","United Kingdom","Heterosexual","Single and not open to dating",3.09046666666667,4,5,4,6,3,6,3,2,1,0,1,0,3,4,2,3,0,1,1.96908333333333,4,4,4,4,3,5,5,4,4,3,2,2,4,"True","False","False","False","False","False","True","False","False","False","False",NA,NA,4,"",50.272,50.759,NA,NA,NA,NA,NA,NA,NA,NA,4.33333333333333,5,2,0.333333333333333,3,1.33333333333333
"S183",38.7569666666667,"06/12/2024","10:46:12","chrome","False","Windows 10",1280,585,"SONA","Male",20,"High school","Prefer not to say","True","White","United Kingdom","Heterosexual","Single and open to dating",2.23078333333333,0,1,4,5,5,5,4,4,2,1,3,4,3,2,4,4,5,5,1.7041,1,1,6,4,5,6,2,5,2,1,1,3,5,"True","False","False","False","False","False","True","False","False","False","False",NA,NA,3,"",69.883,23.218,5.01436435713483,22.2222222222222,0,132.518594952914,5.28282828282828,35,0,113.781555234781,1.66666666666667,5,3.33333333333333,2.66666666666667,3,4.66666666666667
"S184",35.43465,"06/12/2024","12:07:17","ios","True","iOS",980,1690,"SONA","Female",18,"High school","Prefer not to say","True","White","United Kingdom","Bisexual","In a relationship and not open to dating",1.46353333333333,2,4,2,3,4,3,5,3,4,3,2,2,5,2,1,3,4,2,0.7431,3,4,6,4,3,4,4,4,5,4,5,5,5,"False","False","False","False","False","False","False","False","False","False","False",NA,NA,4,"",25.031,3.955,0.217391304347826,2.17391304347826,0,281.347617000736,0.227272727272727,2.27272727272727,0,464.137582624927,2.66666666666667,3.33333333333333,4,2.33333333333333,2.66666666666667,3
"S185",38.8850166666667,"06/12/2024","12:10:58","ios","True","iOS",980,1684,"SONA","Female",19,"High school","Prefer not to say","True","Southeast Asian","United Kingdom","Bisexual","Single and not open to dating",1.10368333333333,6,6,6,0,6,2,0,0,6,1,0,0,0,2,0,6,6,6,0.712716666666667,5,5,0,3,6,1,6,6,2,6,6,3,4,"True","False","True","False","False","False","True","True","True","False","False",NA,NA,3,"",16.543,16.065,0.181818181818182,1.81818181818182,0,233.549261486151,0,0,0,285.013441465013,6,2.66666666666667,2,0.333333333333333,0.666666666666667,6
"S186",26.4674,"06/12/2024","15:31:47","safari","False","Mac OS",1470,840,"SONA","Female",19,"Bachelor","Psychology, Neuroscience","True","White","United Kingdom","Heterosexual","In a relationship and not open to dating",1.30363333333333,2,0,1,0,1,6,5,3,3,3,3,0,4,6,0,6,0,3,0.62745,3,3,1,3,3,0,4,5,1,1,3,5,3,"True","False","False","False","False","False","True","False","False","True","False",3,NA,4,"",3.815,13.97,7.93103448275862,46.551724137931,0,95.077032804925,8.46642468239564,31.0344827586207,0,112.28540749776,1,2.33333333333333,3.66666666666667,2,3.33333333333333,3
"S187",47.34895,"06/12/2024","16:04:22","edge-chromium","False","Windows 10",1272,594,"SONA","Female",20,"High school","Prefer not to say","True","White","Prefer not to say","Bisexual","Single and open to dating",1.19245,5,4,3,5,5,6,4,3,4,5,4,2,3,2,0,4,5,6,6.7225,1,4,4,5,2,3,4,3,2,3,1,4,3,"False","True","False","True","False","False","False","False","False","False","False",NA,NA,2,"",19.215,6.77,4.01996882914475,16.6666666666667,0,151.457972205193,2.59590201394779,8.47457627118644,0,130.974582051443,4,5.33333333333333,3.66666666666667,3.66666666666667,1.66666666666667,5
