Participant,Experiment_Duration,Date_OSF,Date,Time,Browser,Mobile,Platform,Screen_Width,Screen_Height,Source,Gender,Age,Education,Discipline,Student,Ethnicity,Country,SexualOrientation,SexualStatus,Hexaco_Duration,HEXACO18_HonestyHumility_Sincerity_1_NR,HEXACO18_HonestyHumility_GreedAvoidance_2_R,HEXACO18_HonestyHumility_Modesty_3_R,HEXACO18_Emotionality_Fearfulness_4_R,HEXACO18_Emotionality_Dependence_5_NR,HEXACO18_Emotionality_Anxiety_6_NR,HEXACO18_Extraversion_SocialSelfEsteem_7_R,HEXACO18_Extraversion_SocialBoldness_8_R,HEXACO18_Extraversion_Liveliness_9_R,HEXACO18_Agreeableness_Forgiveness_10_NR,HEXACO18_Agreeableness_Gentleness_11_NR,HEXACO18_Agreeableness_Patience_12_R,HEXACO18_Conscientiousnes_Diligence_13_R,HEXACO18_Conscientiousnes_Prudence_14_R,HEXACO18_Conscientiousnes_Organization_15_R,HEXACO18_Openness_Unconventionality_16_R,HEXACO18_Openness_AestheticAppreciation_17_NR,HEXACO18_Openness_Creativity_18_NR,Bait_Duration,BAIT_AI_Knowledge,BAIT_1_ImagesRealistic,BAIT_6_EnvironmentReal,BAIT_2_ImagesIssues,BAIT_9_NegativeAttitutes,BAIT_5_ImitatingReality,BAIT_12_PositiveAttitutes,BAIT_4_VideosIssues,BAIT_8_TextIssues,BAIT_3_VideosRealistic,BAIT_10_NegativeAttitutes,BAIT_7_TextRealistic,BAIT_11_PositiveAttitutes,Feedback_NoFacesAttractive,Feedback_SomeFacesAttractive,Feedback_AIMoreAttractive,Feedback_AILessAttractive,Feedback_DiffObvious,Feedback_DiffSubtle,Feedback_DiffNone,Feedback_LabelsIncorrect,Feedback_LabelsReversed,Feedback_AllReal,Feedback_AllFake,Feedback_AllRealConfidence,Feedback_AllFakeConfidence,Feedback_Enjoyment,Feedback_Text,Instruction_Duration1,Instruction_Duration2,Eyetracking_Validation1_Mean,Eyetracking_Validation1_Max,Eyetracking_Validation1_Min,Eyetracking_Validation1_Distance,Eyetracking_Validation2_Mean,Eyetracking_Validation2_Max,Eyetracking_Validation2_Min,Eyetracking_Validation2_Distance
S001,28.693949999999997,2024-07-23 12:11:46.794478+00:00,23/07/2024,14:42:57,safari,False,Mac OS,1440.0,820.0,sof1,Female,23,Master,"Psychology, Neuroscience",True,Prefer not to say,Cyprus,Heterosexual,Single and open to dating,1.0454833333333333,5.0,4.0,4.0,3.0,5.0,6.0,0.0,0.0,0.0,5.0,5.0,6.0,4.0,2.0,3.0,3.0,6.0,5.0,0.8536166666666667,1.0,5.0,3.0,4.0,3.0,3.0,3.0,4.0,5.0,5.0,5.0,6.0,4.0,True,False,True,False,False,False,True,True,False,True,False,2.0,,4,,58.905,17.345,,,,,,,,
S002,27.34013333333333,2024-07-26 13:56:19.633675+00:00,26/07/2024,14:28:53,chrome,False,Windows 10,1920.0,911.0,sof1,Male,27,Master,"Psychology, Neuroscience",True,White,United Kingdom,Homosexual,In a relationship and not open to dating,0.7243999999999999,5.0,1.0,4.0,5.0,3.0,6.0,5.0,5.0,2.0,2.0,1.0,4.0,2.0,3.0,2.0,5.0,6.0,6.0,0.48253333333333337,4.0,3.0,2.0,3.0,3.0,2.0,3.0,3.0,4.0,4.0,5.0,1.0,4.0,True,False,False,False,False,False,False,True,False,False,False,,,0,"ask for sex at the beginning, not gender ",2.67,89.616,12.487772616813805,44.06779661016949,0.0,59.554846382026355,15.77732320280538,40.67796610169492,0.0,77.756890296861
S003,44.15926666666667,2024-07-30 15:11:42.113110+00:00,30/07/2024,15:27:18,edge-chromium,False,Windows 10,1488.0,742.0,sof1,Female,22,Bachelor,"Biology, Chemistry, Physics",False,White,United Kingdom,Heterosexual,Single and open to dating,4.086966666666666,4.0,1.0,1.0,2.0,2.0,6.0,1.0,4.0,2.0,1.0,4.0,2.0,2.0,1.0,3.0,2.0,1.0,4.0,1.56885,3.0,6.0,4.0,3.0,5.0,2.0,2.0,5.0,4.0,1.0,5.0,3.0,4.0,True,False,False,False,False,False,False,True,False,False,False,,,3,,71.383,26.101,7.364406779661017,31.666666666666664,0.0,87.50803393977606,5.1955099613440385,22.807017543859647,0.0,123.6095325333371
S004,43.61898333333333,2024-07-30 15:35:26.813682+00:00,30/07/2024,16:51:40,safari,False,Mac OS,986.0,748.0,sof1,Female,57,Bachelor,Other,False,White,Spain,Heterosexual,In a relationship and not open to dating,4.5115,5.0,0.0,0.0,3.0,3.0,3.0,1.0,1.0,3.0,4.0,4.0,3.0,4.0,4.0,4.0,4.0,5.0,2.0,1.8356166666666667,1.0,5.0,4.0,5.0,6.0,5.0,2.0,6.0,5.0,5.0,6.0,4.0,2.0,True,False,False,False,False,False,False,False,False,False,False,,,2,,80.439,87.226,0.0,0.0,0.0,142.10369133537534,0.588235294117647,2.941176470588235,0.0,178.70499859317442
S005,62.13981666666667,2024-07-30 21:16:58.552325+00:00,30/07/2024,22:14:41,safari,False,Mac OS,745.0,748.0,sof1,Male,60,Master,"Literature, Languages",False,White,Spain,Heterosexual,In a relationship and not open to dating,3.5843,6.0,0.0,1.0,5.0,1.0,3.0,1.0,1.0,1.0,6.0,2.0,4.0,0.0,0.0,1.0,2.0,6.0,6.0,2.1671,4.0,5.0,4.0,3.0,5.0,3.0,4.0,5.0,5.0,2.0,5.0,3.0,5.0,True,False,False,False,False,False,True,False,False,True,False,3.0,,3,I was a bit tired as it was just before bedtime when I did this experiment.,102.091,34.635,3.5749936338171637,12.121212121212121,0.0,63.49732775629908,7.789661319073083,29.411764705882355,0.0,65.13004943524126
S006,183.84814999999998,2024-07-31 15:09:17.679294+00:00,31/07/2024,07:05:16,chrome,False,Mac OS,1367.0,766.0,sof1,Female,57,Doctorate,"Literature, Languages",Prefer not to say,Mixed,United States,Heterosexual,Single and open to dating,2.0845166666666666,6.0,1.0,3.0,0.0,6.0,6.0,3.0,5.0,5.0,3.0,0.0,0.0,3.0,3.0,0.0,2.0,6.0,6.0,1.9328833333333333,1.0,3.0,4.0,3.0,4.0,2.0,1.0,3.0,5.0,3.0,3.0,2.0,3.0,False,False,False,True,False,False,False,False,False,False,False,,,3,"It is difficult to assess a quality of ""trustworthiness"" to an image. If the image looks fake, I chose NOT trustworthy. If the smile/eyes were sinister-looking, the same. I hope my participation helps! Best, Sofía! :)",41.625,438.925,9.451977401129945,23.333333333333332,0.0,97.0788370438666,4.590882524839275,13.559322033898304,0.0,121.12990280904216
S007,71.01953333333333,2024-07-31 23:58:46.260803+00:00,31/07/2024,18:47:38,chrome,False,Mac OS,1423.0,692.0,sof1,Female,26,Master,"Psychology, Neuroscience",True,White,United States,Heterosexual,Single and open to dating,1.3847833333333335,5.0,2.0,4.0,0.0,4.0,5.0,1.0,0.0,1.0,1.0,3.0,3.0,1.0,1.0,2.0,1.0,4.0,6.0,0.9153,4.0,4.0,4.0,4.0,4.0,2.0,4.0,4.0,6.0,4.0,5.0,2.0,4.0,True,False,False,False,False,False,False,True,False,False,False,,,4,,57.833,31.637,17.757062146892654,55.00000000000001,0.0,77.87970534033276,6.403954802259887,42.3728813559322,0.0,96.18119254018652
S008,34.11966666666667,2024-08-01 10:14:55.563771+00:00,01/08/2024,11:40:17,chrome,False,Windows 10,1536.0,730.0,sof1,Female,15,High school,Prefer not to say,True,Hispanic/Latino,Spain,Heterosexual,Single and open to dating,1.8104666666666667,2.0,6.0,5.0,1.0,2.0,5.0,3.0,2.0,4.0,4.0,4.0,1.0,2.0,3.0,1.0,0.0,5.0,1.0,1.3142166666666666,2.0,5.0,4.0,2.0,4.0,4.0,5.0,5.0,5.0,4.0,6.0,4.0,5.0,True,False,True,False,False,False,True,False,False,True,False,3.0,,3,,45.442,25.382,6.233474073096715,49.09090909090909,0.0,54.73007110863294,5.185050798258345,26.923076923076923,0.0,87.57855777031698
S009,39.502399999999994,2024-08-02 01:22:18.247671+00:00,01/08/2024,20:42:39,chrome,False,Windows 10,1280.0,585.0,sof1,Female,15,High school,Prefer not to say,False,South Asian,United States,Heterosexual,Single and not open to dating,2.4916666666666667,1.0,0.0,0.0,0.0,2.0,6.0,6.0,5.0,2.0,6.0,6.0,0.0,0.0,3.0,5.0,2.0,3.0,6.0,1.1111666666666666,2.0,6.0,6.0,4.0,3.0,4.0,6.0,6.0,5.0,2.0,1.0,6.0,6.0,False,False,False,True,False,False,True,False,False,False,False,,,4,Thank you so much it was an amazing study. I would love to learn more about the study and would love to read the published paper. Thank you,34.122,17.339,0.0,0.0,0.0,63.01845283608585,12.814338593415155,36.666666666666664,0.0,95.80153350408334
S010,56.12988333333333,2024-08-02 02:25:50.519407+00:00,01/08/2024,21:29:35,chrome,False,Windows 10,1280.0,585.0,sof1,Female,43,Master,"Biology, Chemistry, Physics",False,South Asian,United States,Heterosexual,In a relationship and not open to dating,5.92085,1.0,2.0,0.0,0.0,6.0,6.0,3.0,4.0,5.0,0.0,1.0,3.0,6.0,4.0,2.0,3.0,3.0,1.0,5.904416666666666,3.0,4.0,3.0,1.0,1.0,2.0,5.0,4.0,6.0,5.0,3.0,5.0,5.0,True,False,False,False,False,False,True,True,False,True,False,3.0,,4,Thank you,81.004,52.378,1.5254237288135593,15.254237288135593,0.0,75.23789338726226,2.0,20.0,0.0,182.74189652733494
S011,46.1466,2024-08-02 12:05:41.796169+00:00,02/08/2024,12:19:25,chrome,False,Mac OS,916.0,934.0,sof1,Male,22,Master,"Mathematics, Physics",True,White,United Kingdom,Heterosexual,Single and open to dating,1.96695,4.0,0.0,1.0,4.0,4.0,3.0,0.0,2.0,0.0,4.0,3.0,0.0,1.0,0.0,1.0,2.0,6.0,5.0,1.9399666666666666,4.0,4.0,3.0,3.0,3.0,1.0,3.0,2.0,4.0,4.0,4.0,1.0,5.0,True,False,False,True,False,False,False,False,False,False,False,,,3,,46.45,19.189,5.59322033898305,25.423728813559322,0.0,79.07059693480494,1.8644067796610169,6.779661016949152,0.0,170.7913877662956
S012,32.05025,2024-08-02 14:51:23.354573+00:00,02/08/2024,09:19:11,chrome,False,Windows 10,1920.0,919.0,sof1,Female,23,Bachelor,"Psychology, Neuroscience",False,White,United States,Bisexual,Single and not open to dating,1.1218000000000001,5.0,1.0,4.0,1.0,4.0,5.0,2.0,1.0,0.0,2.0,2.0,5.0,1.0,3.0,4.0,1.0,6.0,6.0,0.9891166666666666,1.0,5.0,2.0,3.0,5.0,2.0,4.0,2.0,4.0,4.0,4.0,2.0,5.0,False,True,False,False,False,False,False,True,False,False,False,,,4,,40.572,22.214,9.05367231638418,30.0,0.0,109.51861309357807,7.57909604519774,32.20338983050847,0.0,99.10922354537783
S013,36.168933333333335,2024-08-04 14:14:00.428128+00:00,04/08/2024,06:37:44,chrome,False,Mac OS,1426.0,704.0,sof1,Male,56,Master,"Literature, Languages",False,Mixed,United States,Heterosexual,In a relationship and not open to dating,1.95555,5.0,0.0,5.0,5.0,5.0,4.0,2.0,0.0,2.0,2.0,3.0,4.0,5.0,4.0,5.0,0.0,6.0,4.0,1.5159833333333335,2.0,5.0,2.0,4.0,6.0,0.0,4.0,4.0,4.0,2.0,6.0,3.0,3.0,True,False,False,True,False,False,True,False,False,True,False,2.0,,4,,73.684,23.722,3.720338983050847,22.033898305084744,0.0,102.35248420319677,2.3361581920903953,10.0,0.0,179.02341550860038
S014,33.2791,2024-08-04 19:57:04.514341+00:00,04/08/2024,21:23:42,chrome,False,Windows 10,1536.0,730.0,sof1,Female,58,Bachelor,"Literature, Languages",False,White,Spain,Heterosexual,In a relationship and not open to dating,0.9630333333333333,0.0,0.0,0.0,2.0,4.0,5.0,0.0,3.0,3.0,4.0,6.0,0.0,0.0,0.0,0.0,4.0,4.0,2.0,0.9641333333333333,1.0,5.0,3.0,5.0,3.0,1.0,4.0,4.0,6.0,4.0,6.0,0.0,4.0,True,False,False,False,False,False,True,True,True,True,False,4.0,,3,,43.577,8.833,2.3191894312583967,7.142857142857142,0.0,130.15459995593017,3.0084745762711864,23.333333333333332,0.0,141.7170153784379
S015,34.16218333333334,2024-08-06 12:14:40.420691+00:00,06/08/2024,13:40:23,chrome,False,Windows 10,1536.0,776.0,sof1,Female,25,Master,"Psychology, Neuroscience",True,Mixed,Spain,Heterosexual,In a relationship and not open to dating,1.1614166666666668,6.0,0.0,1.0,3.0,6.0,6.0,0.0,4.0,2.0,3.0,3.0,0.0,0.0,0.0,0.0,1.0,1.0,6.0,0.7193833333333333,0.0,5.0,4.0,3.0,6.0,5.0,0.0,5.0,6.0,3.0,6.0,3.0,0.0,True,False,False,False,False,False,False,True,False,False,False,,,,,3.075,6.946,,,,,,,,
S016,57.05618333333334,2024-08-06 20:18:42.599144+00:00,06/08/2024,21:21:32,edge-chromium,False,Windows 10,1318.0,654.0,sof1,Female,58,Master,"Literature, Languages",False,White,Spain,Heterosexual,In a relationship and not open to dating,6.375283333333333,5.0,2.0,3.0,3.0,4.0,5.0,3.0,3.0,2.0,4.0,3.0,2.0,2.0,3.0,2.0,4.0,6.0,5.0,3.0290666666666666,2.0,5.0,6.0,2.0,4.0,5.0,4.0,5.0,3.0,4.0,5.0,4.0,4.0,True,False,False,False,False,False,False,False,False,False,False,,,4,N/A,130.201,56.149,0.8333333333333334,6.666666666666667,0.0,103.54860473619647,1.3562295569432052,8.47457627118644,0.0,191.60735468488085
S017,27.432399999999998,2024-08-07 10:37:21.953055+00:00,07/08/2024,12:09:58,edge-chromium,False,Windows 10,1358.0,654.0,sof1,Female,23,Bachelor,"Mathematics, Physics",True,White,Spain,Heterosexual,In a relationship and not open to dating,1.3856,6.0,0.0,0.0,0.0,6.0,6.0,2.0,1.0,1.0,6.0,6.0,6.0,1.0,4.0,5.0,1.0,0.0,4.0,0.8005166666666667,4.0,4.0,0.0,5.0,2.0,3.0,1.0,3.0,5.0,5.0,2.0,3.0,3.0,True,False,False,True,True,False,False,False,False,False,False,,,1,it was a bit too long,29.699,17.449,,,,,,,,
S018,80.41313333333332,2024-08-07 13:54:53.816323+00:00,07/08/2024,14:34:22,safari,False,Mac OS,1440.0,727.0,sof1,Male,19,High school,Prefer not to say,True,White,Spain,Heterosexual,Single and open to dating,2.881066666666667,6.0,1.0,1.0,5.0,1.0,0.0,0.0,4.0,0.0,5.0,1.0,5.0,1.0,1.0,5.0,3.0,6.0,6.0,1.6056333333333332,1.0,6.0,6.0,2.0,6.0,4.0,3.0,5.0,3.0,3.0,5.0,4.0,6.0,False,True,False,False,False,False,True,False,False,False,False,,,2,,88.999,21.314,3.4482758620689657,15.517241379310345,0.0,56.38259098940256,13.275862068965518,55.172413793103445,0.0,101.50674761366635
S019,34.99413333333334,2024-08-07 15:19:31.231497+00:00,07/08/2024,15:44:22,chrome,False,Windows 10,1536.0,730.0,sof1,Male,22,Bachelor,"Biology, Chemistry, Physics",False,Prefer not to say,United Kingdom,Heterosexual,Single and not open to dating,1.8348,4.0,1.0,3.0,2.0,0.0,4.0,0.0,4.0,2.0,1.0,2.0,4.0,4.0,0.0,1.0,3.0,2.0,6.0,1.1585,1.0,6.0,5.0,2.0,4.0,3.0,4.0,6.0,5.0,1.0,5.0,1.0,4.0,True,False,False,False,False,False,True,False,False,False,False,,,2,,35.884,21.638,1.1723163841807909,6.666666666666667,0.0,127.09075704609965,1.6984322290237575,6.666666666666667,0.0,154.92240918333735
S020,66.18008333333333,2024-08-07 16:07:40.916918+00:00,07/08/2024,17:01:21,chrome,False,Windows 10,1366.0,599.0,sof1,Female,60,Bachelor,"Biology, Chemistry, Physics",False,White,Spain,Heterosexual,In a relationship and not open to dating,7.756083333333334,6.0,2.0,3.0,1.0,6.0,3.0,0.0,1.0,2.0,3.0,3.0,4.0,1.0,1.0,1.0,4.0,5.0,1.0,5.1735999999999995,2.0,3.0,5.0,3.0,5.0,4.0,4.0,3.0,2.0,3.0,6.0,4.0,3.0,True,False,False,False,False,False,False,True,False,False,False,,,2,It is difficult to maintain the concentration and it is possible to make mistakes  ,179.735,114.375,3.542372881355932,25.423728813559322,0.0,83.9722489534633,5.344827586206895,33.33333333333333,0.0,123.14360482450813
S021,51.278299999999994,2024-08-07 16:23:44.808630+00:00,07/08/2024,17:32:20,ios,True,iOS,980.0,1685.0,sof1,Female,15,High school,Prefer not to say,True,White,Spain,Heterosexual,In a relationship and not open to dating,4.8338,0.0,4.0,3.0,5.0,6.0,6.0,2.0,2.0,2.0,5.0,4.0,2.0,0.0,4.0,2.0,0.0,6.0,6.0,3.0109166666666667,3.0,6.0,4.0,3.0,6.0,4.0,4.0,5.0,3.0,5.0,6.0,4.0,3.0,True,False,False,True,False,False,False,False,False,True,False,2.0,,3,,90.04,66.115,0.0,0.0,0.0,275.4411232114088,0.0,0.0,0.0,5630.228020775647
S022,43.133,2024-08-07 17:18:18.193529+00:00,07/08/2024,18:35:03,chrome,True,Android OS,979.0,1815.0,sof1,Female,56,Master,"Business, Economics",False,White,Spain,Heterosexual,In a relationship and not open to dating,2.44565,2.0,2.0,3.0,4.0,5.0,0.0,0.0,2.0,5.0,5.0,4.0,3.0,1.0,1.0,1.0,0.0,6.0,6.0,1.5108,1.0,5.0,5.0,6.0,2.0,1.0,5.0,5.0,5.0,2.0,6.0,1.0,5.0,True,False,False,False,False,False,False,True,False,False,False,,,3,,46.267,31.591,0.0,0.0,0.0,170.74645801141077,0.0,0.0,0.0,255.9244346120343
S023,39.503400000000006,2024-08-07 17:51:02.951829+00:00,07/08/2024,18:11:24,ios,True,iOS,980.0,1665.0,sof1,Male,22,Bachelor,"Business, Economics",False,Prefer not to say,Ireland,Heterosexual,Single and not open to dating,1.8105166666666668,3.0,0.0,2.0,3.0,3.0,3.0,1.0,2.0,2.0,4.0,4.0,4.0,3.0,5.0,4.0,2.0,4.0,4.0,1.2664833333333334,4.0,4.0,3.0,6.0,3.0,5.0,4.0,4.0,3.0,2.0,3.0,4.0,5.0,True,False,False,False,False,False,True,False,False,False,False,,,3,One more break during the initial photo assessment period might help ,51.216,33.338,0.3448275862068965,3.4482758620689653,0.0,175.63139923812255,0.0,0.0,0.0,482.2540361944787
S024,45.67211666666667,2024-08-07 20:12:05.974332+00:00,07/08/2024,21:26:16,chrome,True,Android OS,980.0,1913.0,sof1,Female,16,High school,Prefer not to say,True,White,Spain,Heterosexual,Single and open to dating,2.841833333333333,0.0,1.0,1.0,2.0,6.0,4.0,0.0,0.0,1.0,0.0,6.0,6.0,3.0,0.0,5.0,3.0,6.0,6.0,1.3404500000000001,3.0,6.0,6.0,0.0,2.0,6.0,6.0,6.0,0.0,0.0,3.0,6.0,5.0,True,False,False,False,False,False,True,False,False,False,False,,,3,MUY LARGO pero está bien,24.543,12.501,1.2166666666666666,8.0,0.0,180.02574161707633,0.0,0.0,0.0,194.18953659558593
S025,41.38536666666666,2024-08-07 21:57:13.300695+00:00,07/08/2024,23:15:42,ios,True,iOS,980.0,1441.0,sof1,Male,69,Master,"Business, Economics",False,White,United States,Heterosexual,In a relationship and not open to dating,1.5158999999999998,4.0,2.0,2.0,2.0,3.0,4.0,2.0,2.0,2.0,2.0,2.0,2.0,3.0,4.0,4.0,3.0,6.0,6.0,1.40145,1.0,5.0,5.0,3.0,6.0,5.0,4.0,5.0,4.0,2.0,5.0,2.0,6.0,True,False,False,False,False,False,False,False,False,False,False,,,0,"Honestly,?I believe that ALL of the photos in the last section could actually be real people because I have seen those faces while teaching immigrants to the US from S. and C. America.  I believe a better experiment would have been to use AI generated photos of known individuals therefore testing the veracity of the accuracy of the AI generated image.  Again, all of these images could have been real people that I just don’t happen to know.  IMHO.  ",118.855,38.344,0.0,0.0,0.0,267.46304761035356,0.18518518518518517,1.8518518518518516,0.0,393.4957382543833
S026,42.340799999999994,2024-08-08 02:12:17.997505+00:00,08/08/2024,02:29:48,ios,True,iOS,980.0,1613.0,sof1,Male,22,Master,"Biology, Chemistry, Physics",True,White,United Kingdom,Heterosexual,Single and open to dating,3.0631166666666667,4.0,5.0,3.0,3.0,5.0,5.0,4.0,1.0,4.0,2.0,2.0,3.0,2.0,2.0,3.0,3.0,6.0,5.0,2.8775,2.0,4.0,3.0,4.0,4.0,1.0,4.0,2.0,3.0,5.0,4.0,3.0,6.0,False,True,False,False,False,False,False,False,False,False,False,,,4,,38.848,15.432,1.189362945645821,5.084745762711865,0.0,216.77437796800382,0.0,0.0,0.0,818.6705063488633
S027,37.53446666666667,2024-08-08 11:33:35.365017+00:00,08/08/2024,12:55:53,instagram,True,iOS,980.0,1663.0,sof1,Female,22,Bachelor,"Biology, Chemistry, Physics",True,White,Prefer not to say,Heterosexual,Single and open to dating,2.519833333333333,3.0,6.0,5.0,2.0,4.0,4.0,3.0,1.0,3.0,1.0,4.0,4.0,3.0,3.0,4.0,3.0,1.0,4.0,1.4419666666666666,3.0,2.0,1.0,6.0,3.0,1.0,2.0,1.0,6.0,5.0,5.0,1.0,3.0,True,False,False,False,False,False,False,True,False,False,False,,,4,,36.568,15.621,0.1694915254237288,1.694915254237288,0.0,112.69876711738789,0.0,0.0,0.0,363.1907928400301
S028,44.92525,2024-08-08 13:26:43.773695+00:00,08/08/2024,14:41:40,chrome,False,Windows 10,1366.0,607.0,sof1,Female,58,High school,Prefer not to say,False,White,Spain,Heterosexual,In a relationship and not open to dating,2.2403666666666666,4.0,2.0,2.0,0.0,5.0,5.0,1.0,0.0,1.0,2.0,2.0,5.0,2.0,3.0,1.0,2.0,5.0,6.0,1.7285666666666666,0.0,5.0,3.0,2.0,6.0,5.0,3.0,5.0,4.0,2.0,6.0,5.0,4.0,True,False,False,True,True,False,False,True,False,False,False,,,4,,79.981,34.021,10.607344632768363,35.59322033898305,0.0,58.49519963043421,12.14406779661017,33.33333333333333,0.0,97.3006164941189
S029,48.41021666666666,2024-08-08 18:43:50.814433+00:00,08/08/2024,19:55:19,chrome,True,Android OS,980.0,1842.0,sof1,Male,56,Master,"Political Science, Law",False,Hispanic/Latino,Spain,Heterosexual,In a relationship and not open to dating,5.3803,4.0,2.0,1.0,2.0,4.0,4.0,0.0,0.0,0.0,2.0,3.0,4.0,0.0,0.0,1.0,2.0,6.0,6.0,2.6522833333333335,1.0,5.0,4.0,2.0,4.0,5.0,3.0,5.0,4.0,3.0,5.0,3.0,2.0,True,False,False,False,False,False,True,False,False,False,False,,,2,"It's difficult  for me to reach any conclusión about all the questions, I've answered , but I hope , all my answers are useful for you.",153.612,67.857,0.43478260869565216,4.3478260869565215,0.0,252.77467113440375,0.0,0.0,0.0,331.04489924501985
S030,35.97998333333333,2024-08-08 20:08:25.759575+00:00,08/08/2024,21:32:18,chrome,False,Mac OS,1710.0,948.0,sof1,Female,20,Bachelor,Medicine,True,White,Spain,Heterosexual,Single and not open to dating,1.4874166666666668,1.0,3.0,3.0,2.0,5.0,5.0,2.0,3.0,3.0,5.0,4.0,1.0,1.0,1.0,2.0,1.0,5.0,5.0,1.2203000000000002,2.0,5.0,4.0,3.0,3.0,4.0,4.0,4.0,4.0,2.0,3.0,4.0,3.0,False,False,False,True,True,False,False,True,False,False,False,,,2,,42.995,19.299,11.067796610169491,36.666666666666664,0.0,160.90893788025934,6.906964897656756,40.67796610169492,0.0,141.87699832580256
S031,88.53541666666666,2024-08-09 10:16:05.140803+00:00,09/08/2024,10:47:24,samsung,True,Android OS,980.0,1689.0,sof1,Female,15,High school,Prefer not to say,True,White,Spain,Heterosexual,In a relationship and not open to dating,10.724666666666668,5.0,3.0,2.0,1.0,6.0,5.0,4.0,1.0,1.0,4.0,2.0,1.0,2.0,1.0,4.0,2.0,6.0,3.0,8.82615,4.0,2.0,4.0,4.0,4.0,3.0,5.0,3.0,2.0,2.0,5.0,5.0,6.0,True,False,False,False,False,False,True,False,False,False,False,,,2,,90.072,65.789,0.0,0.0,0.0,407.1651834580133,0.0,0.0,0.0,444.6941943570506
S032,59.98030000000001,2024-08-09 11:47:41.636079+00:00,09/08/2024,11:47:34,chrome,False,Windows 10,1280.0,551.0,sof1,Male,25,Bachelor,"Biology, Chemistry, Physics",True,Mixed,United Kingdom,Heterosexual,In a relationship and not open to dating,2.7411499999999998,1.0,0.0,0.0,5.0,1.0,1.0,1.0,1.0,1.0,4.0,1.0,1.0,4.0,2.0,6.0,1.0,4.0,1.0,2.2215833333333332,1.0,4.0,3.0,3.0,5.0,5.0,3.0,5.0,5.0,3.0,4.0,4.0,5.0,True,False,False,False,False,False,False,False,False,False,False,,,1,"I have several sorry:
- asking trustworthiness probably instinctively lowers my trustworthiness rating for them
- I forgot to pay attention to the ai or photo tags so I just got carried away with the face ratings - perhaps the tags flashed too quick so I didnt pay attention to them
- trustworthiness cant really be inferred from photographs. I feel like other parameters have a much bigger impact on whether you think people are trustworthy or not - videos could perhaps give more 'real' estimates
- I needed more breaks lol
- Most of the faces were pretty ugly and so perhaps not very attention grabbing - idk if they are all ai but I think most seemed less attractive than the average person
- idk if the background played into it as well - as in, having no background made them look more sus and also perhaps more ugly as you really focus on their facial features
- I think a rating as well for attractiveness and other scales as in 1-10 could be better rather than agree/disagree. - as in, if they are ugly then I would give a rating of disagree, but also if they are standard looking, then they arent beautiful so do I give the same rating?
- It was quite long, perhaps too many faces
- near the end I started to feel like they were all suspicious because they all had no background and then I started to think they were all ai. - kinda spiralled a bit so perhapos if it is a bit shorter then won't reach such thresholds.",156.736,65.653,1.8790181180596144,8.620689655172415,0.0,92.80062749646501,1.0002826455624647,5.0,0.0,133.1496841050079
S033,39.982933333333335,2024-08-09 12:46:31.105690+00:00,09/08/2024,14:06:26,chrome,True,Android OS,980.0,1829.0,sof1,Female,38,Master,"Biology, Chemistry, Physics",False,White,Spain,Heterosexual,Single and open to dating,2.4223166666666667,6.0,0.0,0.0,0.0,6.0,6.0,4.0,6.0,3.0,3.0,4.0,4.0,1.0,1.0,2.0,3.0,3.0,6.0,1.05775,1.0,5.0,5.0,2.0,4.0,5.0,4.0,5.0,1.0,6.0,4.0,5.0,3.0,True,False,False,False,False,False,False,False,False,False,False,,,,,68.317,32.69,0.0,0.0,0.0,363.62964839026074,0.0,0.0,0.0,426.98007226766384
S034,34.64085,2024-08-09 15:32:25.445339+00:00,09/08/2024,16:57:39,ios,True,iOS,979.0,405.0,sof1,Female,20,Bachelor,"Biology, Chemistry, Physics",True,White,Spain,Homosexual,In a relationship and not open to dating,2.0098499999999997,6.0,1.0,2.0,1.0,6.0,6.0,1.0,0.0,4.0,1.0,4.0,0.0,0.0,0.0,1.0,0.0,6.0,6.0,1.3411,4.0,4.0,2.0,2.0,4.0,4.0,2.0,4.0,1.0,2.0,6.0,5.0,4.0,True,False,False,False,False,False,True,False,False,False,False,,,2,,12.534,16.171,0.8655462184873949,5.714285714285714,0.0,192.6215616636159,0.2941176470588235,2.941176470588235,0.0,464.5278905329022
S035,37.242383333333336,2024-08-10 14:59:14.227254+00:00,10/08/2024,15:21:52,chrome,False,Mac OS,1366.0,681.0,sof1,Male,23,Bachelor,"Political Science, Law",False,Black,United Kingdom,Heterosexual,In a relationship and not open to dating,2.0543,5.0,5.0,3.0,5.0,1.0,2.0,1.0,2.0,2.0,3.0,4.0,2.0,4.0,4.0,2.0,1.0,6.0,6.0,1.1078000000000001,3.0,3.0,3.0,3.0,6.0,1.0,1.0,5.0,5.0,4.0,6.0,2.0,2.0,True,False,False,False,False,False,False,True,False,False,False,,,4,,53.731,26.632,10.495980896646824,50.98039215686274,0.0,64.40678737011754,9.187227866473151,55.769230769230774,0.0,103.07727704039333
S036,46.570283333333336,2024-08-10 19:37:27.207472+00:00,10/08/2024,20:50:42,ios,True,iOS,980.0,1640.0,sof1,Male,46,Master,Medicine,False,White,Prefer not to say,Heterosexual,In a relationship and not open to dating,4.1565666666666665,5.0,0.0,1.0,5.0,1.0,1.0,1.0,1.0,6.0,1.0,1.0,0.0,0.0,0.0,2.0,1.0,5.0,1.0,1.9100333333333335,2.0,5.0,4.0,1.0,4.0,5.0,4.0,5.0,1.0,2.0,5.0,5.0,5.0,True,False,False,False,False,False,True,False,False,False,False,,,3,,19.427,23.757,0.0,0.0,0.0,377.4205350691007,0.6957047791893526,3.508771929824561,0.0,436.2962891592015
S037,40.97543333333333,2024-08-10 21:11:24.524591+00:00,10/08/2024,22:30:12,ios,True,iOS,980.0,1665.0,sof1,Female,26,Master,"Business, Economics",False,White,France,Heterosexual,In a relationship and not open to dating,4.064316666666667,6.0,3.0,4.0,5.0,5.0,5.0,2.0,1.0,0.0,5.0,2.0,5.0,1.0,3.0,1.0,3.0,6.0,2.0,2.6506,4.0,5.0,2.0,4.0,4.0,4.0,3.0,4.0,4.0,1.0,4.0,2.0,4.0,True,False,False,False,False,False,False,True,False,False,False,,,3,,21.385,28.205,,,,,,,,
S038,35.78446666666667,2024-08-11 14:17:57.523283+00:00,11/08/2024,15:41:52,chrome,False,Mac OS,1237.0,723.0,sof1,Female,25,Master,Arts and Humanities,True,White,United Kingdom,Heterosexual,Single and open to dating,1.7545666666666666,5.0,0.0,1.0,1.0,5.0,6.0,2.0,4.0,2.0,6.0,4.0,4.0,2.0,1.0,1.0,1.0,6.0,6.0,0.9397666666666668,1.0,4.0,1.0,4.0,3.0,2.0,2.0,2.0,5.0,5.0,5.0,1.0,4.0,True,False,False,False,False,False,False,True,False,False,False,,,1,,2.246,54.058,3.211864406779661,13.559322033898304,0.0,73.6158121042388,3.703389830508475,13.333333333333334,0.0,106.68524060833299
S039,53.612899999999996,2024-08-11 15:12:27.087054+00:00,11/08/2024,15:18:43,chrome,False,Mac OS,1440.0,787.0,sof1,Female,23,Bachelor,"Biology, Chemistry, Physics",False,White,United Kingdom,Heterosexual,Single and open to dating,3.10765,5.0,3.0,1.0,0.0,6.0,6.0,4.0,1.0,4.0,2.0,1.0,4.0,3.0,2.0,3.0,3.0,6.0,0.0,1.6416166666666667,1.0,4.0,6.0,1.0,3.0,2.0,6.0,3.0,6.0,5.0,5.0,5.0,6.0,True,False,False,True,False,False,False,False,False,False,False,,,2,,100.213,27.886,9.899758137467845,44.44444444444444,0.0,73.5763677722176,6.184043283088238,30.909090909090907,0.0,99.7603358717148
S040,50.300216666666664,2024-08-11 16:55:22.342063+00:00,11/08/2024,18:04:56,ios,True,iOS,980.0,1683.0,sof1,Female,22,Bachelor,Arts and Humanities,False,Hispanic/Latino,Spain,Heterosexual,In a relationship and open to dating,3.2926166666666665,5.0,3.0,3.0,4.0,4.0,5.0,1.0,2.0,3.0,2.0,2.0,3.0,5.0,2.0,1.0,3.0,6.0,6.0,0.6361,2.0,4.0,3.0,5.0,3.0,2.0,4.0,4.0,4.0,4.0,3.0,2.0,3.0,True,False,False,False,False,False,False,True,True,False,False,,,1,,2.775,10.99,0.0,0.0,0.0,625.7006007407205,0.0,0.0,0.0,792.7884949562172
S041,67.10776666666666,2024-08-11 16:56:09.821834+00:00,11/08/2024,09:48:58,safari,False,Mac OS,1440.0,814.0,sof1,Female,65,Bachelor,Arts and Humanities,False,White,United States,Heterosexual,In a relationship and not open to dating,1.02265,5.0,0.0,0.0,5.0,1.0,3.0,0.0,1.0,0.0,5.0,3.0,0.0,0.0,0.0,0.0,1.0,1.0,6.0,1.3369833333333332,2.0,6.0,6.0,1.0,4.0,5.0,5.0,6.0,0.0,1.0,5.0,6.0,6.0,False,True,False,False,False,False,True,False,False,True,False,0.0,,4,"Anyone with a photographic memory will ace the last section. Unfortunately, that not me.  ",597.601,113.497,,,,,,,,
S042,36.5585,2024-08-11 17:41:56.858051+00:00,11/08/2024,19:05:09,chrome,False,Windows 10,1536.0,643.0,sof1,Female,55,Bachelor,"Business, Economics",False,White,Spain,Heterosexual,In a relationship and not open to dating,2.3537666666666666,5.0,0.0,1.0,6.0,1.0,6.0,4.0,2.0,2.0,5.0,4.0,0.0,0.0,0.0,0.0,4.0,6.0,5.0,1.6264,4.0,6.0,5.0,1.0,1.0,5.0,3.0,6.0,6.0,1.0,4.0,2.0,5.0,False,False,False,True,False,False,False,True,False,False,False,,,3,,55.081,29.094,5.69774011299435,23.333333333333332,0.0,146.49128847550574,14.872881355932202,77.96610169491525,0.0,171.95102894696765
S043,38.87616666666667,2024-08-11 17:53:11.306833+00:00,11/08/2024,19:14:05,chrome,False,Mac OS,1237.0,723.0,sof1,Male,56,Master,"Engineering, Computer Science",False,White,France,Heterosexual,In a relationship and not open to dating,3.7316333333333334,5.0,3.0,2.0,5.0,5.0,3.0,2.0,2.0,4.0,3.0,3.0,4.0,1.0,3.0,1.0,4.0,3.0,1.0,1.8681333333333332,2.0,5.0,5.0,1.0,2.0,5.0,3.0,5.0,2.0,2.0,4.0,5.0,4.0,True,False,False,False,False,False,True,False,False,False,False,,,2,,50.564,26.589,1.016949152542373,10.16949152542373,0.0,86.49057044412574,0.6751412429378532,5.084745762711865,0.0,119.88765329455232
S044,35.28028333333334,2024-08-11 18:55:40.119814+00:00,11/08/2024,19:20:17,chrome,False,Windows 10,1920.0,953.0,surveyswap,Male,18,High school,Prefer not to say,True,White,United Kingdom,Homosexual,In a relationship and not open to dating,1.4550333333333334,3.0,1.0,0.0,1.0,5.0,5.0,5.0,5.0,3.0,4.0,3.0,1.0,3.0,2.0,2.0,5.0,5.0,3.0,1.1661333333333335,4.0,6.0,3.0,0.0,4.0,4.0,3.0,4.0,2.0,4.0,5.0,5.0,5.0,False,True,False,True,False,False,False,False,False,False,False,,,4,,82.705,20.209,,,,,,,,
S045,46.644549999999995,2024-08-11 18:56:39.998954+00:00,11/08/2024,20:09:52,firefox,False,Windows 10,1536.0,703.0,sof1,Female,25,Master,"Political Science, Law",False,White,France,Bisexual,Single and open to dating,2.6945666666666668,2.0,2.0,1.0,3.0,2.0,1.0,2.0,4.0,2.0,4.0,4.0,1.0,2.0,0.0,1.0,0.0,5.0,6.0,1.91,1.0,6.0,4.0,0.0,4.0,5.0,4.0,6.0,4.0,0.0,5.0,4.0,5.0,True,False,False,False,False,False,True,True,False,False,False,,,4,"Interesting testing, thanks ! Best of work!",130.076,32.524,,,,,,,,
S046,42.28528333333334,2024-08-11 20:19:24.461137+00:00,11/08/2024,20:37:01,chrome,True,Android OS,980.0,1897.0,sof1,Male,23,High school,Prefer not to say,True,White,United Kingdom,Heterosexual,Single and open to dating,2.7298833333333334,5.0,1.0,3.0,5.0,1.0,2.0,3.0,4.0,4.0,5.0,5.0,1.0,4.0,1.0,6.0,1.0,4.0,3.0,1.6752166666666668,3.0,4.0,5.0,4.0,4.0,5.0,4.0,2.0,3.0,5.0,6.0,3.0,5.0,True,False,False,True,False,False,False,True,False,False,False,,,4,,31.726,23.299,0.9316770186335404,7.142857142857142,0.0,121.05400626579369,0.7907647907647908,2.857142857142857,0.0,208.32973806463806
S047,34.47388333333333,2024-08-11 21:13:55.738171+00:00,11/08/2024,21:39:22,ios,True,iOS,980.0,1689.0,sof1,Female,22,Bachelor,Arts and Humanities,True,White,United Kingdom,Heterosexual,In a relationship and not open to dating,1.0512333333333332,2.0,0.0,1.0,1.0,4.0,5.0,5.0,1.0,1.0,0.0,0.0,4.0,2.0,4.0,2.0,2.0,4.0,2.0,0.5288166666666666,2.0,5.0,4.0,2.0,4.0,1.0,1.0,4.0,2.0,3.0,5.0,4.0,4.0,True,False,False,False,False,False,True,False,False,False,False,,,,,26.701,21.315,0.0,0.0,0.0,130.6476289422548,0.2941176470588235,2.941176470588235,0.0,523.7616590062124
S048,47.478566666666666,2024-08-11 21:57:52.807584+00:00,11/08/2024,22:10:18,chrome,False,Windows 10,1920.0,919.0,sof1,Male,19,High school,Prefer not to say,True,South Asian,United Kingdom,Heterosexual,Single and open to dating,2.7332166666666664,2.0,3.0,1.0,2.0,2.0,5.0,3.0,6.0,5.0,0.0,5.0,1.0,5.0,4.0,3.0,4.0,0.0,0.0,1.4697333333333333,1.0,6.0,5.0,1.0,5.0,6.0,4.0,6.0,5.0,5.0,6.0,1.0,4.0,True,False,False,True,False,False,True,False,False,False,False,,,2,some of these people looked terrifying i hope to god they were ai,58.971,33.145,,,,,,,,
S049,35.66491666666666,2024-08-12 03:18:02.146486+00:00,11/08/2024,20:42:15,chrome,True,Android OS,980.0,1849.0,surveyswap,Female,27,High school,Prefer not to say,False,White,United States,Bisexual,Single and open to dating,2.1413333333333333,5.0,0.0,0.0,4.0,1.0,6.0,3.0,4.0,2.0,5.0,3.0,1.0,1.0,1.0,0.0,0.0,5.0,6.0,1.5919333333333334,3.0,4.0,4.0,4.0,5.0,2.0,1.0,3.0,3.0,4.0,6.0,3.0,4.0,False,True,False,False,False,False,False,False,False,False,True,,2.0,4,"I think I may have some facial blindness, and I'm unsure if that might have affected things ",79.205,21.237,,,,,,,,
S050,30.939766666666667,2024-08-12 07:20:39.280750+00:00,12/08/2024,16:49:31,edge-chromium,False,Windows 10,1488.0,708.0,surveycircle,Male,46,Doctorate,"Psychology, Neuroscience",Prefer not to say,White,Australia,Heterosexual,Single and open to dating,0.9044500000000001,3.0,1.0,1.0,2.0,5.0,6.0,1.0,1.0,5.0,5.0,5.0,1.0,1.0,1.0,4.0,4.0,3.0,3.0,0.7892833333333333,5.0,4.0,3.0,5.0,1.0,2.0,6.0,2.0,4.0,6.0,1.0,4.0,6.0,False,True,False,True,False,False,False,True,False,False,False,,,4,I'm curious about how accurate the eye tracker is. Seems like a great idea to use a webcam,21.834,13.213,15.066203911031497,50.0,0.0,91.05894178659955,15.162093283061022,56.666666666666664,0.0,122.00293667980677
S051,39.036366666666666,2024-08-12 09:13:13.311294+00:00,12/08/2024,10:34:01,chrome,True,Android OS,980.0,1824.0,sof1,Female,22,Master,"Psychology, Neuroscience",True,White,United Kingdom,Heterosexual,In a relationship and not open to dating,2.2809166666666667,5.0,1.0,1.0,2.0,4.0,4.0,1.0,5.0,3.0,4.0,4.0,4.0,1.0,1.0,1.0,0.0,3.0,6.0,1.0618333333333334,4.0,5.0,4.0,1.0,3.0,4.0,3.0,5.0,1.0,2.0,3.0,5.0,4.0,True,False,False,False,False,False,True,False,False,False,False,,,0,,14.722,19.603,,,,,,,,
S052,30.779600000000002,2024-08-12 12:12:48.998246+00:00,12/08/2024,15:41:54,chrome,False,Windows 10,1366.0,633.0,surveyswap,Female,35,Master,Psychology,False,White,United Arab Emirates,Heterosexual,In a relationship and not open to dating,2.23045,5.0,0.0,0.0,3.0,2.0,5.0,3.0,2.0,4.0,2.0,4.0,2.0,0.0,0.0,2.0,3.0,5.0,5.0,1.4841333333333333,4.0,2.0,2.0,6.0,2.0,2.0,6.0,2.0,6.0,6.0,2.0,2.0,6.0,True,False,True,False,False,False,True,True,False,False,False,,,4,,41.438,6.292,,,,,,,,
S053,38.363150000000005,2024-08-12 14:06:26.438955+00:00,12/08/2024,14:27:51,chrome,False,Mac OS,1440.0,699.0,surveyswap,Female,43,Master,Arts and Humanities,False,White,United Kingdom,Bisexual,In a relationship and not open to dating,2.157366666666667,6.0,1.0,4.0,2.0,0.0,1.0,0.0,0.0,3.0,6.0,5.0,5.0,0.0,0.0,0.0,0.0,4.0,0.0,1.9491833333333333,5.0,5.0,1.0,3.0,1.0,4.0,4.0,4.0,6.0,3.0,0.0,0.0,6.0,True,False,False,False,False,False,False,True,False,False,True,,4.0,,,17.786,23.968,,,,,,,,
S054,29.50335,2024-08-12 16:18:56.229200+00:00,12/08/2024,16:49:16,safari,False,Mac OS,1440.0,820.0,sof1,Female,23,Master,"Sociology, Anthropology",True,White,United Kingdom,Heterosexual,In a relationship and not open to dating,1.5309,5.0,3.0,1.0,2.0,4.0,4.0,1.0,1.0,1.0,3.0,3.0,2.0,0.0,0.0,0.0,0.0,6.0,6.0,1.0763500000000001,2.0,4.0,6.0,3.0,2.0,4.0,4.0,4.0,6.0,5.0,3.0,3.0,3.0,True,False,False,False,False,False,False,True,False,False,False,,,4,,10.929,21.43,2.241379310344828,17.24137931034483,0.0,64.38993040034144,5.172413793103448,25.862068965517242,0.0,136.34494174912052
S055,37.06623333333334,2024-08-12 17:47:08.969351+00:00,12/08/2024,19:09:34,chrome,False,Windows 10,1536.0,730.0,sof1,Male,21,Master,"Mathematics, Physics",True,White,Spain,Bisexual,In a relationship and open to dating,2.533916666666667,1.0,5.0,5.0,3.0,2.0,4.0,1.0,2.0,1.0,5.0,4.0,1.0,3.0,3.0,4.0,2.0,5.0,6.0,1.5876,6.0,6.0,4.0,0.0,6.0,5.0,1.0,6.0,1.0,1.0,6.0,5.0,6.0,True,False,False,False,False,False,True,True,False,False,False,,,0,"It is extremely long! Much longer than I expected, I seriously consider stopping midway through. Maybe paid and in person, or online but simultaneously and paid, would make more sense.",52.053,31.447,4.576271186440677,16.94915254237288,0.0,84.11521959741006,0.8474576271186441,5.084745762711865,0.0,100.18489124255667
S056,28.599933333333336,2024-08-12 19:18:50.600410+00:00,12/08/2024,19:50:10,chrome,False,Windows 10,1368.0,777.0,surveyswap,Female,22,Bachelor,"Business, Economics",True,Mixed,United Kingdom,Heterosexual,In a relationship and not open to dating,1.1080333333333334,5.0,4.0,4.0,5.0,2.0,3.0,2.0,1.0,2.0,1.0,2.0,4.0,0.0,2.0,0.0,1.0,6.0,6.0,0.8079166666666667,4.0,4.0,5.0,4.0,2.0,4.0,5.0,3.0,4.0,4.0,3.0,4.0,5.0,True,False,False,False,False,False,True,True,False,True,False,3.0,,4,,41.279,14.443,3.6243194192377493,24.137931034482758,0.0,97.71856057446531,0.6666666666666667,6.666666666666667,0.0,139.78162603167885
S057,54.3427,2024-08-12 20:08:04.500342+00:00,12/08/2024,21:13:35,chrome,True,Android OS,980.0,1845.0,sof1,Female,46,Bachelor,"Political Science, Law",False,White,Spain,Heterosexual,In a relationship and open to dating,4.293616666666667,6.0,3.0,3.0,3.0,5.0,3.0,0.0,1.0,1.0,6.0,6.0,3.0,4.0,1.0,1.0,2.0,6.0,6.0,2.5250833333333333,2.0,4.0,4.0,3.0,2.0,4.0,5.0,4.0,2.0,2.0,3.0,4.0,5.0,False,True,False,True,False,False,True,True,True,False,False,,,4,,3.779,71.276,0.5263157894736842,5.263157894736842,0.0,365.55245653781924,1.25,6.25,0.0,322.66763781949027
S058,55.932649999999995,2024-08-12 20:12:35.281904+00:00,12/08/2024,21:16:33,ios,True,iOS,980.0,1689.0,sof1,Male,14,High school,Prefer not to say,True,White,Spain,Heterosexual,Single and open to dating,6.5760499999999995,2.0,1.0,3.0,1.0,3.0,6.0,5.0,2.0,3.0,3.0,5.0,1.0,2.0,4.0,1.0,1.0,2.0,5.0,4.739816666666667,2.0,4.0,4.0,1.0,2.0,4.0,5.0,5.0,2.0,1.0,4.0,2.0,4.0,False,True,False,True,False,False,False,False,False,False,False,,,3,,171.42,8.726,0.0,0.0,0.0,235.16722576715566,0.0,0.0,0.0,1999.3906676212314
S059,39.35045,2024-08-12 20:12:46.479404+00:00,12/08/2024,21:33:19,ios,True,iOS,980.0,1665.0,sof1,Male,48,Bachelor,"Engineering, Computer Science",False,White,Spain,Heterosexual,In a relationship and not open to dating,2.4165833333333335,3.0,0.0,2.0,5.0,3.0,5.0,0.0,1.0,2.0,4.0,5.0,0.0,3.0,1.0,3.0,0.0,6.0,5.0,1.1400833333333333,3.0,6.0,5.0,3.0,0.0,6.0,6.0,6.0,4.0,3.0,5.0,5.0,6.0,False,True,False,False,False,False,True,False,False,False,False,,,4,,18.069,37.243,0.5172413793103449,3.4482758620689653,0.0,136.15208605881645,0.689655172413793,3.4482758620689653,0.0,190.31465427003616
S060,30.5836,2024-08-12 21:05:55.817947+00:00,12/08/2024,21:35:14,chrome,True,Android OS,980.0,1834.0,sof1,Male,26,High school,Prefer not to say,False,White,United Kingdom,Heterosexual,In a relationship and not open to dating,3.2698666666666667,1.0,2.0,3.0,5.0,1.0,2.0,2.0,3.0,2.0,3.0,2.0,4.0,3.0,1.0,1.0,1.0,0.0,0.0,1.6761833333333334,3.0,4.0,4.0,5.0,5.0,1.0,4.0,4.0,2.0,4.0,5.0,4.0,5.0,True,False,False,False,False,False,True,True,False,False,False,,,4,,10.543,15.586,0.2857142857142857,2.857142857142857,0.0,210.15694742280772,0.0,0.0,0.0,204.10342569387075
S061,54.004583333333336,2024-08-13 00:18:42.533804+00:00,12/08/2024,17:24:36,chrome,False,Mac OS,1239.0,593.0,sof1,Female,26,Bachelor,Arts and Humanities,False,Hispanic/Latino,United States,Heterosexual,In a relationship and not open to dating,2.908533333333333,3.0,4.0,4.0,3.0,1.0,4.0,0.0,0.0,1.0,3.0,1.0,1.0,0.0,0.0,0.0,5.0,6.0,6.0,1.7128333333333332,2.0,5.0,1.0,6.0,5.0,6.0,3.0,5.0,5.0,6.0,5.0,1.0,4.0,False,True,False,False,False,False,False,False,False,False,False,,,4,"This was a successful experiment to test my perception. I encountered difficulty in determining which faces I considered more trustworthy, as it was challenging to distinguish between computer-generated images and real photographs. I initially thought I would have trusted the images of faces that appeared more realistic.",104.862,45.713,2.0219137036416086,11.320754716981133,0.0,79.8483377425537,1.4199527030743002,7.2727272727272725,0.0,102.47475950427956
S062,33.9996,2024-08-13 00:52:21.787032+00:00,12/08/2024,20:18:15,ios,True,iOS,980.0,1674.0,surveyswap,Female,28,Bachelor,Medicine,False,White,United States,Heterosexual,In a relationship and not open to dating,1.36935,4.0,4.0,3.0,3.0,2.0,2.0,0.0,5.0,1.0,0.0,3.0,0.0,0.0,0.0,0.0,5.0,4.0,4.0,0.9022666666666667,4.0,4.0,4.0,3.0,2.0,3.0,4.0,4.0,5.0,4.0,3.0,1.0,4.0,True,False,False,False,False,False,False,True,False,False,False,,,3,,87.5,36.891,,,,,,,,
S063,40.9435,2024-08-13 05:24:37.854679+00:00,13/08/2024,14:43:32,chrome,False,Mac OS,1200.0,849.0,surveycircle,Female,35,Bachelor,Arts and Humanities,True,Mixed,Australia,Other,In a relationship and not open to dating,1.5922833333333335,3.0,4.0,1.0,0.0,4.0,6.0,5.0,4.0,5.0,3.0,3.0,4.0,2.0,3.0,4.0,5.0,4.0,6.0,1.1844666666666666,2.0,3.0,3.0,3.0,3.0,2.0,4.0,3.0,2.0,3.0,4.0,4.0,4.0,False,True,False,False,False,False,True,False,False,False,False,,,4,,36.356,33.278,13.175141242937851,55.932203389830505,0.0,74.3151575043407,1.2042818911685995,5.263157894736842,0.0,203.76470450535135
S064,36.6913,2024-08-13 11:03:39.867663+00:00,13/08/2024,18:26:47,safari,False,Mac OS,1440.0,729.0,surveycircle,Female,44,Master,"Psychology, Neuroscience",True,White,Australia,Heterosexual,In a relationship and not open to dating,2.0609333333333333,5.0,2.0,2.0,3.0,2.0,4.0,3.0,4.0,4.0,2.0,4.0,1.0,1.0,1.0,1.0,4.0,4.0,4.0,1.54405,3.0,5.0,3.0,3.0,4.0,4.0,1.0,4.0,4.0,3.0,4.0,3.0,4.0,True,False,False,False,False,False,False,False,False,False,False,,,3,,40.528,20.573,5.465367965367966,16.666666666666664,0.0,72.13311727276638,7.962962962962964,33.33333333333333,0.0,93.64623699111259
S065,141.77475,2024-08-13 12:26:00.446282+00:00,13/08/2024,12:04:09,chrome,True,Android OS,980.0,1818.0,surveyswap,Male,32,Bachelor,Arts and Humanities,False,Black,Netherlands,Heterosexual,In a relationship and open to dating,1.1489666666666667,6.0,6.0,6.0,6.0,0.0,1.0,0.0,2.0,0.0,5.0,4.0,4.0,0.0,0.0,0.0,3.0,6.0,5.0,0.5325833333333333,6.0,5.0,5.0,5.0,3.0,5.0,5.0,5.0,5.0,5.0,4.0,5.0,6.0,False,True,False,False,False,False,True,False,False,False,False,,,0,You make BAD surveys. This was WAY to long and a torture. NOT worth 30 points and I will be reporting it. ,7.763,19.619,,,,,,,,
S066,41.1858,2024-08-13 12:37:53.566075+00:00,13/08/2024,13:56:35,chrome,True,Android OS,980.0,1779.0,sof1,Female,28,Master,Medicine,False,White,Spain,Heterosexual,Single and open to dating,4.021866666666667,6.0,1.0,1.0,3.0,2.0,6.0,3.0,3.0,4.0,2.0,3.0,5.0,0.0,0.0,1.0,4.0,4.0,2.0,2.3671833333333336,1.0,4.0,3.0,2.0,6.0,2.0,1.0,3.0,4.0,3.0,6.0,4.0,1.0,True,False,False,False,False,False,False,True,False,False,False,,,3,,159.659,61.559,,,,,,,,
S067,59.42176666666667,2024-08-13 23:10:47.422403+00:00,13/08/2024,16:11:17,chrome,False,Mac OS,1112.0,622.0,sof1,Female,50,Bachelor,Other,True,Mixed,United States,Heterosexual,In a relationship and not open to dating,2.491833333333333,5.0,0.0,1.0,5.0,3.0,5.0,4.0,4.0,3.0,5.0,4.0,3.0,2.0,2.0,2.0,2.0,4.0,5.0,1.9914666666666667,1.0,4.0,4.0,3.0,5.0,4.0,2.0,4.0,3.0,4.0,6.0,5.0,5.0,False,False,False,False,False,False,True,False,False,False,False,,,3,It was way harder to distinguish AI from photos.  That is disturbing!,87.857,27.832,4.795441262419637,29.310344827586203,0.0,43.4810603515009,1.3734658094681473,10.344827586206897,0.0,72.50754154615916
S068,96.2295,2024-08-14 09:12:58.131747+00:00,14/08/2024,09:36:36,edge-chromium,False,Windows 10,1232.0,596.0,sof1,Female,57,Doctorate,"Biology, Chemistry, Physics",Prefer not to say,White,Spain,Heterosexual,In a relationship and not open to dating,4.399216666666666,3.0,2.0,4.0,5.0,2.0,6.0,1.0,3.0,3.0,3.0,3.0,4.0,0.0,2.0,2.0,2.0,2.0,1.0,1.5583500000000001,0.0,5.0,6.0,5.0,3.0,6.0,4.0,6.0,3.0,6.0,4.0,5.0,4.0,True,False,False,False,False,False,True,False,False,False,True,,3.0,2,,95.23,34.699,0.5143191116306254,3.4482758620689653,0.0,258.70188926189746,1.596965170898543,5.555555555555555,0.0,211.83424051825628
S069,32.651716666666665,2024-08-14 11:34:42.355821+00:00,14/08/2024,13:01:56,chrome,False,Windows 10,1920.0,953.0,sof1,Female,35,Doctorate,Other,Prefer not to say,White,Spain,Heterosexual,In a relationship and not open to dating,1.5558833333333333,5.0,1.0,1.0,1.0,3.0,5.0,1.0,2.0,2.0,4.0,5.0,4.0,0.0,0.0,1.0,2.0,6.0,6.0,1.0933,2.0,4.0,2.0,5.0,4.0,3.0,2.0,4.0,3.0,4.0,5.0,3.0,4.0,True,False,False,False,False,False,False,False,False,True,False,4.0,,4,,4.278,11.361,,,,,,,,
S070,31.0646,2024-08-14 15:01:32.763030+00:00,14/08/2024,16:30:21,samsung,True,Android OS,980.0,1755.0,surveyswap,Female,24,Bachelor,"Business, Economics",True,White,Germany,Heterosexual,Single and open to dating,1.5213666666666665,2.0,4.0,4.0,0.0,2.0,6.0,5.0,4.0,4.0,1.0,2.0,4.0,1.0,0.0,1.0,2.0,2.0,5.0,1.0746833333333332,4.0,4.0,3.0,3.0,2.0,3.0,4.0,3.0,4.0,4.0,2.0,2.0,5.0,True,False,False,True,False,False,False,True,False,False,False,,,,,80.61,25.699,,,,,,,,
S071,34.422783333333335,2024-08-15 00:32:25.030844+00:00,14/08/2024,17:57:46,firefox,False,Mac OS,1352.0,762.0,sof1,Female,49,High school,Prefer not to say,False,White,United States,Heterosexual,In a relationship and not open to dating,1.7903,6.0,1.0,1.0,4.0,6.0,5.0,3.0,0.0,4.0,5.0,4.0,1.0,2.0,3.0,3.0,3.0,3.0,4.0,1.02825,2.0,4.0,2.0,3.0,3.0,1.0,4.0,6.0,3.0,3.0,3.0,3.0,3.0,True,False,False,False,False,False,True,False,False,False,False,,,3,,38.615,18.006,20.0,100.0,0.0,0.0020408163265301484,20.0,100.0,0.0,0.0029999999999972713
S072,27.188633333333332,2024-08-15 05:37:57.320823+00:00,15/08/2024,15:10:36,edge-chromium,False,Windows 10,1528.0,706.0,surveycircle,Female,47,Master,Arts and Humanities,True,White,Australia,Heterosexual,Single and not open to dating,1.8495666666666668,3.0,5.0,3.0,3.0,3.0,3.0,3.0,1.0,1.0,3.0,3.0,1.0,0.0,4.0,4.0,3.0,3.0,5.0,1.5085333333333333,4.0,3.0,2.0,3.0,6.0,4.0,2.0,3.0,4.0,3.0,5.0,4.0,2.0,True,False,False,False,False,False,False,True,False,False,False,,,3,,7.697,44.678,,,,,,,,
S073,38.09396666666667,2024-08-15 09:03:58.959671+00:00,15/08/2024,10:25:46,chrome,False,Mac OS,1188.0,754.0,sof1,Female,45,Master,Medicine,True,White,Spain,Heterosexual,In a relationship and not open to dating,4.020066666666667,6.0,0.0,0.0,4.0,1.0,5.0,3.0,2.0,2.0,4.0,4.0,1.0,0.0,0.0,0.0,6.0,6.0,1.0,1.8322666666666667,2.0,6.0,6.0,0.0,5.0,5.0,4.0,6.0,1.0,0.0,6.0,2.0,2.0,True,False,False,False,False,False,True,False,False,False,False,,,4,,59.261,33.818,18.361581920903955,45.0,0.0,85.94322313907689,8.64406779661017,32.20338983050847,0.0,79.96071458935924
S074,38.055283333333335,2024-08-15 11:05:57.985701+00:00,15/08/2024,11:27:41,chrome,False,Windows 10,1536.0,730.0,sof1,Male,62,Bachelor,"Engineering, Computer Science",False,White,United Kingdom,Heterosexual,In a relationship and not open to dating,1.5442666666666667,2.0,2.0,2.0,4.0,4.0,5.0,2.0,0.0,2.0,5.0,2.0,5.0,2.0,4.0,4.0,0.0,5.0,6.0,1.4097,5.0,4.0,4.0,3.0,4.0,2.0,3.0,4.0,2.0,2.0,5.0,2.0,4.0,False,True,False,False,False,False,False,True,False,False,False,,,4,,40.527,18.045,4.046680642907058,18.0,0.0,108.36700241477972,3.1157249224476113,12.244897959183673,0.0,116.2998958463406
S075,34.16075,2024-08-15 18:57:15.478739+00:00,15/08/2024,19:22:56,chrome,False,Windows 10,1536.0,776.0,surveyswap,Male,23,Master,Other,True,White,Ireland,Bisexual,In a relationship and not open to dating,1.16435,3.0,0.0,0.0,2.0,2.0,4.0,4.0,5.0,5.0,3.0,3.0,4.0,3.0,2.0,1.0,2.0,5.0,6.0,0.9363166666666667,4.0,4.0,4.0,3.0,3.0,3.0,3.0,3.0,2.0,3.0,5.0,5.0,4.0,True,False,False,False,False,False,False,False,False,False,False,,,3,,56.959,39.777,,,,,,,,
S076,40.83728333333333,2024-08-16 00:35:02.091877+00:00,16/08/2024,09:54:02,ios,True,iOS,251.0,366.0,sof1,Male,31,Bachelor,"Biology, Chemistry, Physics",False,White,Australia,Bisexual,In a relationship and open to dating,1.9747166666666667,2.0,0.0,1.0,0.0,4.0,6.0,3.0,1.0,3.0,2.0,2.0,5.0,4.0,5.0,5.0,1.0,4.0,6.0,2.0650833333333334,2.0,2.0,2.0,5.0,3.0,2.0,1.0,2.0,4.0,5.0,5.0,1.0,3.0,True,False,False,False,False,False,True,True,False,False,True,,4.0,4,I feel like the references to AI automatically made me more suspicious of the faces authenticity and trustworthiness than I otherwise would have been. ,113.094,14.772,0.0,0.0,0.0,163.92116542354933,0.0,0.0,0.0,494.7906040359866
S077,42.28868333333333,2024-08-16 09:33:49.445726+00:00,16/08/2024,09:51:27,chrome,False,Mac OS,1920.0,959.0,sof1,Male,61,Master,"Engineering, Computer Science",False,White,United Kingdom,Heterosexual,In a relationship and not open to dating,2.5232666666666663,6.0,6.0,0.0,3.0,2.0,5.0,4.0,3.0,5.0,2.0,5.0,3.0,1.0,4.0,5.0,2.0,6.0,6.0,1.29385,3.0,6.0,6.0,1.0,6.0,6.0,5.0,6.0,5.0,1.0,6.0,6.0,6.0,True,False,False,True,False,False,True,False,False,True,False,0.0,,4,,76.607,21.335,5.519168684422922,23.214285714285715,0.0,77.63734268730492,8.55763019471531,25.423728813559322,0.0,77.1565404968378
S078,31.81775,2024-08-16 21:27:15.182858+00:00,16/08/2024,21:55:20,ios,True,iOS,980.0,1689.0,sof1,Male,20,Bachelor,"Political Science, Law",True,White,United Kingdom,Heterosexual,Single and open to dating,1.5656666666666665,2.0,4.0,4.0,5.0,2.0,4.0,1.0,0.0,1.0,5.0,2.0,0.0,1.0,3.0,4.0,1.0,4.0,4.0,0.8101,3.0,4.0,4.0,4.0,2.0,4.0,4.0,5.0,4.0,4.0,3.0,3.0,5.0,True,False,False,False,False,False,False,True,False,False,False,,,3,,37.532,17.987,,,,,,,,
S079,36.70538333333333,2024-08-17 00:19:12.213062+00:00,17/08/2024,09:42:21,chrome,False,Mac OS,1440.0,779.0,surveycircle,Male,22,Bachelor,"Psychology, Neuroscience",True,White,Australia,Heterosexual,In a relationship and not open to dating,1.7116166666666668,3.0,6.0,6.0,3.0,4.0,5.0,1.0,3.0,3.0,4.0,2.0,2.0,2.0,1.0,2.0,3.0,0.0,3.0,1.4617833333333332,3.0,6.0,5.0,2.0,5.0,5.0,2.0,5.0,5.0,4.0,5.0,5.0,4.0,False,True,False,False,False,False,True,False,False,False,False,,,3,,43.811,20.557,21.021988822210794,83.63636363636363,0.0,45.210231693423545,11.603396603396602,33.92857142857143,0.0,97.67926337158212
S080,33.638983333333336,2024-08-17 01:28:11.569544+00:00,17/08/2024,01:54:24,facebook,True,iOS,980.0,1641.0,fb2,Female,61,High school,Prefer not to say,False,White,Prefer not to say,Heterosexual,Single and not open to dating,1.9295833333333334,6.0,0.0,0.0,6.0,0.0,0.0,0.0,0.0,0.0,0.0,0.0,6.0,0.0,0.0,0.0,3.0,6.0,3.0,1.6058999999999999,3.0,3.0,3.0,3.0,3.0,3.0,3.0,4.0,3.0,3.0,6.0,3.0,3.0,True,False,False,False,False,False,False,False,False,False,False,,,2,,18.834,22.599,3.103448275862069,17.24137931034483,0.0,103.38974015795068,1.896551724137931,8.620689655172415,0.0,174.8524078629307
S081,30.058716666666665,2024-08-17 08:40:11.175535+00:00,17/08/2024,15:09:57,chrome,False,Mac OS,1440.0,686.0,surveyswap,Female,33,Doctorate,"Engineering, Computer Science",Prefer not to say,Southeast Asian,Thailand,Heterosexual,Single and open to dating,1.6402333333333334,6.0,3.0,3.0,2.0,4.0,4.0,3.0,2.0,5.0,4.0,4.0,5.0,3.0,4.0,4.0,4.0,5.0,5.0,0.7152999999999999,6.0,5.0,5.0,3.0,5.0,4.0,4.0,4.0,4.0,3.0,6.0,2.0,3.0,False,False,True,False,False,False,False,True,True,False,False,,,3,The length of the experiment is too long considering there is no feedback given at each step.,21.867,17.993,1.3559322033898304,13.559322033898304,0.0,98.0846791888024,0.33333333333333337,3.3333333333333335,0.0,104.08651628889803
S082,28.778133333333336,2024-08-17 09:12:14.669341+00:00,17/08/2024,12:43:27,chrome,False,Windows 10,1366.0,607.0,surveyswap,Female,27,Bachelor,"Political Science, Law",True,Prefer not to say,Vietnam,Heterosexual,In a relationship and not open to dating,1.5554833333333333,5.0,6.0,6.0,3.0,6.0,5.0,4.0,4.0,6.0,2.0,2.0,2.0,3.0,6.0,1.0,3.0,6.0,5.0,0.8592333333333334,4.0,5.0,5.0,4.0,4.0,3.0,4.0,6.0,4.0,3.0,6.0,3.0,3.0,True,False,False,True,True,False,True,False,False,True,False,3.0,,3,,10.492,25.051,,,,,,,,
S083,57.95413333333333,2024-08-17 13:37:21.950065+00:00,17/08/2024,13:39:18,chrome,False,Windows 10,1536.0,695.0,surveycircle,Female,24,Bachelor,"Psychology, Neuroscience",True,Mixed,United Kingdom,Bisexual,In a relationship and not open to dating,1.1535499999999999,4.0,4.0,2.0,4.0,2.0,5.0,4.0,1.0,5.0,2.0,2.0,3.0,4.0,2.0,4.0,2.0,6.0,6.0,1.2511,5.0,5.0,5.0,5.0,6.0,4.0,4.0,5.0,5.0,2.0,6.0,5.0,6.0,False,True,True,False,False,False,False,True,True,False,False,,,4,,48.906,21.986,4.0,40.0,0.0,78.1638068635798,4.523809523809524,28.57142857142857,0.0,115.2099477902237
S084,40.65988333333333,2024-08-18 11:43:27.748964+00:00,18/08/2024,13:02:39,chrome,False,Mac OS,1488.0,754.0,sof1,Male,55,Bachelor,"Sociology, Anthropology",False,Prefer not to say,Spain,Heterosexual,In a relationship and not open to dating,2.7642666666666664,4.0,0.0,0.0,2.0,2.0,1.0,3.0,2.0,2.0,3.0,5.0,3.0,4.0,2.0,1.0,1.0,6.0,6.0,1.57595,3.0,6.0,5.0,1.0,6.0,6.0,3.0,6.0,1.0,1.0,6.0,6.0,6.0,True,False,False,False,False,False,True,True,False,False,False,,,0,,112.903,36.486,9.262711864406779,35.0,0.0,90.41221840520515,5.347457627118644,35.0,0.0,104.00971172805632
S085,42.72323333333333,2024-08-18 18:15:57.775462+00:00,18/08/2024,18:33:09,firefox,False,Mac OS,1680.0,903.0,sof1,Female,63,Other,Prefer not to say,Prefer not to say,White,Spain,Heterosexual,In a relationship and not open to dating,2.843566666666667,4.0,0.0,0.0,4.0,2.0,4.0,0.0,0.0,1.0,3.0,2.0,3.0,2.0,2.0,1.0,0.0,6.0,6.0,2.6648666666666667,4.0,5.0,3.0,3.0,4.0,4.0,3.0,5.0,5.0,3.0,5.0,2.0,4.0,True,False,False,False,False,False,True,True,False,False,False,,,2,"I did enjoy it at first, but then got a bit tired as it was rather repetitive – but it was interesting!",39.982,24.342,20.0,100.0,0.0,0.03269613111357441,20.0,100.0,0.0,0.046855863440716364
S086,37.29446666666667,2024-08-18 19:06:37.554137+00:00,18/08/2024,20:29:17,chrome,False,Mac OS,1440.0,813.0,sof1,Male,22,High school,Prefer not to say,True,Hispanic/Latino,Spain,Heterosexual,In a relationship and not open to dating,1.3757166666666667,0.0,0.0,0.0,2.0,2.0,2.0,0.0,1.0,0.0,5.0,5.0,1.0,1.0,1.0,1.0,1.0,6.0,6.0,1.1096833333333334,4.0,4.0,3.0,3.0,3.0,3.0,4.0,4.0,4.0,1.0,2.0,3.0,5.0,False,True,False,False,False,False,True,False,False,False,False,,,3,,60.365,48.036,8.361581920903955,28.333333333333332,0.0,95.69014867404995,18.663841807909606,33.89830508474576,0.0,96.77622311804011
S087,54.058933333333336,2024-08-19 10:46:55.677646+00:00,19/08/2024,11:52:42,chrome,True,Android OS,979.0,1812.0,sof1,Female,58,Bachelor,Arts and Humanities,False,Mixed,Spain,Heterosexual,Single and not open to dating,3.5171,3.0,2.0,1.0,0.0,0.0,6.0,1.0,0.0,3.0,5.0,5.0,5.0,6.0,4.0,6.0,4.0,6.0,6.0,1.5659833333333333,1.0,5.0,6.0,5.0,6.0,5.0,6.0,5.0,0.0,0.0,6.0,6.0,6.0,True,False,False,False,False,False,False,False,False,False,False,,,4,Tedioso ,125.212,62.817,1.9166666666666667,12.5,0.0,111.78417307721031,1.2132352941176472,6.25,0.0,176.5606963841936
S088,35.67328333333333,2024-08-19 11:47:17.590193+00:00,19/08/2024,13:11:29,chrome,False,Windows 10,1440.0,825.0,surveyswap,Male,23,Bachelor,"Business, Economics",True,White,Italy,Homosexual,Single and open to dating,1.3183666666666667,5.0,0.0,0.0,3.0,3.0,3.0,4.0,3.0,5.0,5.0,4.0,4.0,2.0,2.0,3.0,4.0,6.0,6.0,0.7861999999999999,3.0,5.0,4.0,2.0,2.0,5.0,5.0,5.0,2.0,2.0,3.0,4.0,5.0,True,False,False,False,False,False,True,False,False,True,False,4.0,,3,,34.589,18.344,4.181378242353852,14.634146341463413,0.0,138.96087791236073,1.5897435897435896,8.333333333333332,0.0,147.40634130150937
